temperature_3h,temperature_12h,temperature_24h,weather_main_3h,weather_main_12h,weather_main_24h,time_3h,time_12h,time_24h,timestamp
12.73,13.82,8.65,Rain,Clouds,Clouds,"""2023-05-03T00:00:00.000Z""","""2023-05-03T09:00:00.000Z""","""2023-05-03T21:00:00.000Z""","""2023-05-02T22:01:47.000Z"""
12.94,13.82,8.65,Rain,Clouds,Clouds,"""2023-05-03T00:00:00.000Z""","""2023-05-03T09:00:00.000Z""","""2023-05-03T21:00:00.000Z""","""2023-05-02T22:31:47.000Z"""
12.89,13.82,8.65,Rain,Clouds,Clouds,"""2023-05-03T00:00:00.000Z""","""2023-05-03T09:00:00.000Z""","""2023-05-03T21:00:00.000Z""","""2023-05-02T23:01:47.000Z"""
12.24,13.82,8.65,Rain,Clouds,Clouds,"""2023-05-03T00:00:00.000Z""","""2023-05-03T09:00:00.000Z""","""2023-05-03T21:00:00.000Z""","""2023-05-02T23:31:47.000Z"""
11.91,12.84,6.81,Rain,Rain,Clouds,"""2023-05-03T03:00:00.000Z""","""2023-05-03T12:00:00.000Z""","""2023-05-04T00:00:00.000Z""","""2023-05-03T00:01:47.000Z"""
11.76,12.84,6.81,Rain,Rain,Clouds,"""2023-05-03T03:00:00.000Z""","""2023-05-03T12:00:00.000Z""","""2023-05-04T00:00:00.000Z""","""2023-05-03T00:31:47.000Z"""
11.56,12.84,6.81,Rain,Rain,Clouds,"""2023-05-03T03:00:00.000Z""","""2023-05-03T12:00:00.000Z""","""2023-05-04T00:00:00.000Z""","""2023-05-03T01:01:47.000Z"""
11.75,12.84,6.81,Rain,Rain,Clouds,"""2023-05-03T03:00:00.000Z""","""2023-05-03T12:00:00.000Z""","""2023-05-04T00:00:00.000Z""","""2023-05-03T01:31:47.000Z"""
11.55,12.84,6.81,Rain,Rain,Clouds,"""2023-05-03T03:00:00.000Z""","""2023-05-03T12:00:00.000Z""","""2023-05-04T00:00:00.000Z""","""2023-05-03T02:01:47.000Z"""
11.17,12.84,6.81,Rain,Rain,Clouds,"""2023-05-03T03:00:00.000Z""","""2023-05-03T12:00:00.000Z""","""2023-05-04T00:00:00.000Z""","""2023-05-03T02:31:47.000Z"""
11.14,12.84,5.56,Clouds,Clouds,Clear,"""2023-05-03T06:00:00.000Z""","""2023-05-03T15:00:00.000Z""","""2023-05-04T03:00:00.000Z""","""2023-05-03T03:01:47.000Z"""
11.11,12.84,5.56,Clouds,Clouds,Clear,"""2023-05-03T06:00:00.000Z""","""2023-05-03T15:00:00.000Z""","""2023-05-04T03:00:00.000Z""","""2023-05-03T03:31:47.000Z"""
11.11,12.84,5.56,Clouds,Clouds,Clear,"""2023-05-03T06:00:00.000Z""","""2023-05-03T15:00:00.000Z""","""2023-05-04T03:00:00.000Z""","""2023-05-03T04:01:47.000Z"""
11.53,12.84,5.56,Clouds,Clouds,Clear,"""2023-05-03T06:00:00.000Z""","""2023-05-03T15:00:00.000Z""","""2023-05-04T03:00:00.000Z""","""2023-05-03T04:31:47.000Z"""
11.53,12.84,5.56,Clouds,Clouds,Clear,"""2023-05-03T06:00:00.000Z""","""2023-05-03T15:00:00.000Z""","""2023-05-04T03:00:00.000Z""","""2023-05-03T05:01:47.000Z"""
11.99,14.29,5.42,Clouds,Clouds,Clear,"""2023-05-03T06:00:00.000Z""","""2023-05-03T15:00:00.000Z""","""2023-05-04T03:00:00.000Z""","""2023-05-03T05:31:47.000Z"""
12.17,10.58,9.63,Rain,Clouds,Clear,"""2023-05-03T09:00:00.000Z""","""2023-05-03T18:00:00.000Z""","""2023-05-04T06:00:00.000Z""","""2023-05-03T06:01:47.000Z"""
12.45,10.58,9.63,Rain,Clouds,Clear,"""2023-05-03T09:00:00.000Z""","""2023-05-03T18:00:00.000Z""","""2023-05-04T06:00:00.000Z""","""2023-05-03T06:31:47.000Z"""
12.74,10.58,9.63,Rain,Clouds,Clear,"""2023-05-03T09:00:00.000Z""","""2023-05-03T18:00:00.000Z""","""2023-05-04T06:00:00.000Z""","""2023-05-03T07:01:47.000Z"""
13.39,10.58,9.63,Rain,Clouds,Clear,"""2023-05-03T09:00:00.000Z""","""2023-05-03T18:00:00.000Z""","""2023-05-04T06:00:00.000Z""","""2023-05-03T07:31:47.000Z"""
13.96,10.58,9.63,Rain,Clouds,Clear,"""2023-05-03T09:00:00.000Z""","""2023-05-03T18:00:00.000Z""","""2023-05-04T06:00:00.000Z""","""2023-05-03T08:01:47.000Z"""
14.18,10.58,9.63,Rain,Clouds,Clear,"""2023-05-03T09:00:00.000Z""","""2023-05-03T18:00:00.000Z""","""2023-05-04T06:00:00.000Z""","""2023-05-03T08:31:47.000Z"""
14.19,8.25,15.08,Clouds,Clouds,Clear,"""2023-05-03T12:00:00.000Z""","""2023-05-03T21:00:00.000Z""","""2023-05-04T09:00:00.000Z""","""2023-05-03T09:01:47.000Z"""
14.15,8.25,15.08,Clouds,Clouds,Clear,"""2023-05-03T12:00:00.000Z""","""2023-05-03T21:00:00.000Z""","""2023-05-04T09:00:00.000Z""","""2023-05-03T09:31:47.000Z"""
15.15,8.25,15.08,Clouds,Clouds,Clear,"""2023-05-03T12:00:00.000Z""","""2023-05-03T21:00:00.000Z""","""2023-05-04T09:00:00.000Z""","""2023-05-03T10:01:47.000Z"""
16.08,8.25,15.08,Clouds,Clouds,Clear,"""2023-05-03T12:00:00.000Z""","""2023-05-03T21:00:00.000Z""","""2023-05-04T09:00:00.000Z""","""2023-05-03T10:31:47.000Z"""
16.86,8.25,15.08,Clouds,Clouds,Clear,"""2023-05-03T12:00:00.000Z""","""2023-05-03T21:00:00.000Z""","""2023-05-04T09:00:00.000Z""","""2023-05-03T11:01:47.000Z"""
16.31,8.22,15.35,Clouds,Clouds,Clear,"""2023-05-03T12:00:00.000Z""","""2023-05-03T21:00:00.000Z""","""2023-05-04T09:00:00.000Z""","""2023-05-03T11:31:47.000Z"""
15.6,6.62,17.26,Clouds,Clouds,Clouds,"""2023-05-03T15:00:00.000Z""","""2023-05-04T00:00:00.000Z""","""2023-05-04T12:00:00.000Z""","""2023-05-03T12:04:06.000Z"""
15.72,6.62,17.26,Clouds,Clouds,Clouds,"""2023-05-03T15:00:00.000Z""","""2023-05-04T00:00:00.000Z""","""2023-05-04T12:00:00.000Z""","""2023-05-03T12:34:06.000Z"""
15.63,6.62,17.26,Clouds,Clouds,Clouds,"""2023-05-03T15:00:00.000Z""","""2023-05-04T00:00:00.000Z""","""2023-05-04T12:00:00.000Z""","""2023-05-03T13:04:06.000Z"""
16.36,6.62,17.26,Clouds,Clouds,Clouds,"""2023-05-03T15:00:00.000Z""","""2023-05-04T00:00:00.000Z""","""2023-05-04T12:00:00.000Z""","""2023-05-03T13:34:06.000Z"""
16.29,6.62,17.26,Clouds,Clouds,Clouds,"""2023-05-03T15:00:00.000Z""","""2023-05-04T00:00:00.000Z""","""2023-05-04T12:00:00.000Z""","""2023-05-03T14:33:38.000Z"""
14.31,5.5,16.88,Clouds,Clear,Clouds,"""2023-05-03T18:00:00.000Z""","""2023-05-04T03:00:00.000Z""","""2023-05-04T15:00:00.000Z""","""2023-05-03T15:03:38.000Z"""
14.22,5.5,16.88,Clouds,Clear,Clouds,"""2023-05-03T18:00:00.000Z""","""2023-05-04T03:00:00.000Z""","""2023-05-04T15:00:00.000Z""","""2023-05-03T15:33:38.000Z"""
14.15,5.5,16.88,Clouds,Clear,Clouds,"""2023-05-03T18:00:00.000Z""","""2023-05-04T03:00:00.000Z""","""2023-05-04T15:00:00.000Z""","""2023-05-03T16:03:38.000Z"""
15.25,5.5,16.88,Clouds,Clear,Clouds,"""2023-05-03T18:00:00.000Z""","""2023-05-04T03:00:00.000Z""","""2023-05-04T15:00:00.000Z""","""2023-05-03T16:33:38.000Z"""
14.89,5.5,16.88,Clouds,Clear,Clouds,"""2023-05-03T18:00:00.000Z""","""2023-05-04T03:00:00.000Z""","""2023-05-04T15:00:00.000Z""","""2023-05-03T17:03:38.000Z"""
13.66,5.5,16.88,Clear,Clear,Clouds,"""2023-05-03T18:00:00.000Z""","""2023-05-04T03:00:00.000Z""","""2023-05-04T15:00:00.000Z""","""2023-05-03T17:33:38.000Z"""
11.66,9.39,13.06,Clouds,Clear,Clouds,"""2023-05-03T21:00:00.000Z""","""2023-05-04T06:00:00.000Z""","""2023-05-04T18:00:00.000Z""","""2023-05-03T18:03:38.000Z"""
10.89,9.39,13.06,Clouds,Clear,Clouds,"""2023-05-03T21:00:00.000Z""","""2023-05-04T06:00:00.000Z""","""2023-05-04T18:00:00.000Z""","""2023-05-03T18:33:38.000Z"""
10.57,9.39,13.06,Clouds,Clear,Clouds,"""2023-05-03T21:00:00.000Z""","""2023-05-04T06:00:00.000Z""","""2023-05-04T18:00:00.000Z""","""2023-05-03T19:13:18.000Z"""
11.52,9.39,13.06,Clear,Clear,Clouds,"""2023-05-03T21:00:00.000Z""","""2023-05-04T06:00:00.000Z""","""2023-05-04T18:00:00.000Z""","""2023-05-03T19:43:18.000Z"""
11.52,9.39,13.06,Clear,Clear,Clouds,"""2023-05-03T21:00:00.000Z""","""2023-05-04T06:00:00.000Z""","""2023-05-04T18:00:00.000Z""","""2023-05-03T20:13:18.000Z"""
11.07,9.39,13.06,Clear,Clear,Clouds,"""2023-05-03T21:00:00.000Z""","""2023-05-04T06:00:00.000Z""","""2023-05-04T18:00:00.000Z""","""2023-05-03T20:43:18.000Z"""
9.53,14.89,10.99,Clouds,Clear,Clouds,"""2023-05-04T00:00:00.000Z""","""2023-05-04T09:00:00.000Z""","""2023-05-04T21:00:00.000Z""","""2023-05-03T21:13:18.000Z"""
9.3,14.89,10.99,Clouds,Clear,Clouds,"""2023-05-04T00:00:00.000Z""","""2023-05-04T09:00:00.000Z""","""2023-05-04T21:00:00.000Z""","""2023-05-03T21:43:18.000Z"""
9.1,14.89,10.99,Clouds,Clear,Clouds,"""2023-05-04T00:00:00.000Z""","""2023-05-04T09:00:00.000Z""","""2023-05-04T21:00:00.000Z""","""2023-05-03T22:13:18.000Z"""
10.22,14.89,10.99,Clear,Clear,Clouds,"""2023-05-04T00:00:00.000Z""","""2023-05-04T09:00:00.000Z""","""2023-05-04T21:00:00.000Z""","""2023-05-03T22:43:19.000Z"""
10.08,14.89,10.99,Clear,Clear,Clouds,"""2023-05-04T00:00:00.000Z""","""2023-05-04T09:00:00.000Z""","""2023-05-04T21:00:00.000Z""","""2023-05-03T23:13:18.000Z"""
9.74,14.79,11.28,Clear,Clear,Clouds,"""2023-05-04T00:00:00.000Z""","""2023-05-04T09:00:00.000Z""","""2023-05-04T21:00:00.000Z""","""2023-05-03T23:43:18.000Z"""
8.32,18.02,10.24,Clear,Clouds,Clouds,"""2023-05-04T03:00:00.000Z""","""2023-05-04T12:00:00.000Z""","""2023-05-05T00:00:00.000Z""","""2023-05-04T00:13:18.000Z"""
8.32,18.02,10.24,Clear,Clouds,Clouds,"""2023-05-04T03:00:00.000Z""","""2023-05-04T12:00:00.000Z""","""2023-05-05T00:00:00.000Z""","""2023-05-04T00:43:18.000Z"""
7.54,18.02,10.24,Clear,Clouds,Clouds,"""2023-05-04T03:00:00.000Z""","""2023-05-04T12:00:00.000Z""","""2023-05-05T00:00:00.000Z""","""2023-05-04T01:13:18.000Z"""
8.35,18.02,10.24,Clear,Clouds,Clouds,"""2023-05-04T03:00:00.000Z""","""2023-05-04T12:00:00.000Z""","""2023-05-05T00:00:00.000Z""","""2023-05-04T01:43:18.000Z"""
7.91,18.02,10.24,Clear,Clouds,Clouds,"""2023-05-04T03:00:00.000Z""","""2023-05-04T12:00:00.000Z""","""2023-05-05T00:00:00.000Z""","""2023-05-04T02:13:18.000Z"""
7.8,18.02,10.24,Clear,Clouds,Clouds,"""2023-05-04T03:00:00.000Z""","""2023-05-04T12:00:00.000Z""","""2023-05-05T00:00:00.000Z""","""2023-05-04T02:43:18.000Z"""
8.34,18,8.61,Clear,Clouds,Clouds,"""2023-05-04T06:00:00.000Z""","""2023-05-04T15:00:00.000Z""","""2023-05-05T03:00:00.000Z""","""2023-05-04T03:13:19.000Z"""
7.98,18,8.61,Clear,Clouds,Clouds,"""2023-05-04T06:00:00.000Z""","""2023-05-04T15:00:00.000Z""","""2023-05-05T03:00:00.000Z""","""2023-05-04T03:43:19.000Z"""
7.83,18,8.61,Clear,Clouds,Clouds,"""2023-05-04T06:00:00.000Z""","""2023-05-04T15:00:00.000Z""","""2023-05-05T03:00:00.000Z""","""2023-05-04T04:13:19.000Z"""
7.73,18,8.61,Clear,Clouds,Clouds,"""2023-05-04T06:00:00.000Z""","""2023-05-04T15:00:00.000Z""","""2023-05-05T03:00:00.000Z""","""2023-05-04T04:43:19.000Z"""
9.16,18,8.61,Clear,Clouds,Clouds,"""2023-05-04T06:00:00.000Z""","""2023-05-04T15:00:00.000Z""","""2023-05-05T03:00:00.000Z""","""2023-05-04T05:13:19.000Z"""
9.95,17.28,8.76,Clear,Clouds,Clouds,"""2023-05-04T06:00:00.000Z""","""2023-05-04T15:00:00.000Z""","""2023-05-05T03:00:00.000Z""","""2023-05-04T05:43:19.000Z"""
12.41,14.1,12.33,Clear,Clouds,Clouds,"""2023-05-04T09:00:00.000Z""","""2023-05-04T18:00:00.000Z""","""2023-05-05T06:00:00.000Z""","""2023-05-04T06:13:19.000Z"""
13.05,14.1,12.33,Clear,Clouds,Clouds,"""2023-05-04T09:00:00.000Z""","""2023-05-04T18:00:00.000Z""","""2023-05-05T06:00:00.000Z""","""2023-05-04T06:43:19.000Z"""
14.05,14.1,12.33,Clear,Clouds,Clouds,"""2023-05-04T09:00:00.000Z""","""2023-05-04T18:00:00.000Z""","""2023-05-05T06:00:00.000Z""","""2023-05-04T07:13:19.000Z"""
14.71,14.1,12.33,Clear,Clouds,Clouds,"""2023-05-04T09:00:00.000Z""","""2023-05-04T18:00:00.000Z""","""2023-05-05T06:00:00.000Z""","""2023-05-04T08:03:13.000Z"""
15.28,14.1,12.33,Clouds,Clouds,Clouds,"""2023-05-04T09:00:00.000Z""","""2023-05-04T18:00:00.000Z""","""2023-05-05T06:00:00.000Z""","""2023-05-04T08:33:13.000Z"""
17.06,11.66,16.89,Clouds,Clouds,Clouds,"""2023-05-04T12:00:00.000Z""","""2023-05-04T21:00:00.000Z""","""2023-05-05T09:00:00.000Z""","""2023-05-04T09:16:06.000Z"""
17.4,11.66,16.89,Clouds,Clouds,Clouds,"""2023-05-04T12:00:00.000Z""","""2023-05-04T21:00:00.000Z""","""2023-05-05T09:00:00.000Z""","""2023-05-04T09:46:06.000Z"""
17.74,11.66,16.89,Clouds,Clouds,Clouds,"""2023-05-04T12:00:00.000Z""","""2023-05-04T21:00:00.000Z""","""2023-05-05T09:00:00.000Z""","""2023-05-04T10:16:06.000Z"""
17.34,11.66,16.89,Clouds,Clouds,Clouds,"""2023-05-04T12:00:00.000Z""","""2023-05-04T21:00:00.000Z""","""2023-05-05T09:00:00.000Z""","""2023-05-04T10:46:06.000Z"""
18.36,11.66,16.89,Clouds,Clouds,Clouds,"""2023-05-04T12:00:00.000Z""","""2023-05-04T21:00:00.000Z""","""2023-05-05T09:00:00.000Z""","""2023-05-04T11:16:06.000Z"""
19.2,11.86,16.9,Clouds,Clouds,Clouds,"""2023-05-04T12:00:00.000Z""","""2023-05-04T21:00:00.000Z""","""2023-05-05T09:00:00.000Z""","""2023-05-04T11:46:06.000Z"""
19.01,10.3,19.43,Clouds,Clouds,Clouds,"""2023-05-04T15:00:00.000Z""","""2023-05-05T00:00:00.000Z""","""2023-05-05T12:00:00.000Z""","""2023-05-04T12:16:06.000Z"""
19.05,10.3,19.43,Clouds,Clouds,Clouds,"""2023-05-04T15:00:00.000Z""","""2023-05-05T00:00:00.000Z""","""2023-05-05T12:00:00.000Z""","""2023-05-04T12:46:06.000Z"""
19.51,10.3,19.43,Clouds,Clouds,Clouds,"""2023-05-04T15:00:00.000Z""","""2023-05-05T00:00:00.000Z""","""2023-05-05T12:00:00.000Z""","""2023-05-04T13:16:06.000Z"""
20.86,10.3,19.43,Clear,Clouds,Clouds,"""2023-05-04T15:00:00.000Z""","""2023-05-05T00:00:00.000Z""","""2023-05-05T12:00:00.000Z""","""2023-05-04T13:46:06.000Z"""
20.5,10.3,19.43,Clear,Clouds,Clouds,"""2023-05-04T15:00:00.000Z""","""2023-05-05T00:00:00.000Z""","""2023-05-05T12:00:00.000Z""","""2023-05-04T13:57:48.000Z"""
19.59,10.3,19.43,Clear,Clouds,Clouds,"""2023-05-04T15:00:00.000Z""","""2023-05-05T00:00:00.000Z""","""2023-05-05T12:00:00.000Z""","""2023-05-04T14:34:57.000Z"""
17.55,8.84,19.95,Clouds,Clouds,Clouds,"""2023-05-04T18:00:00.000Z""","""2023-05-05T03:00:00.000Z""","""2023-05-05T15:00:00.000Z""","""2023-05-04T15:04:57.000Z"""
18.2,8.84,19.95,Clouds,Clouds,Clouds,"""2023-05-04T18:00:00.000Z""","""2023-05-05T03:00:00.000Z""","""2023-05-05T15:00:00.000Z""","""2023-05-04T15:34:57.000Z"""
18.06,8.84,19.95,Clouds,Clouds,Clouds,"""2023-05-04T18:00:00.000Z""","""2023-05-05T03:00:00.000Z""","""2023-05-05T15:00:00.000Z""","""2023-05-04T16:04:57.000Z"""
19.72,8.84,19.95,Clear,Clouds,Clouds,"""2023-05-04T18:00:00.000Z""","""2023-05-05T03:00:00.000Z""","""2023-05-05T15:00:00.000Z""","""2023-05-04T16:34:57.000Z"""
19.44,8.84,19.95,Clear,Clouds,Clouds,"""2023-05-04T18:00:00.000Z""","""2023-05-05T03:00:00.000Z""","""2023-05-05T15:00:00.000Z""","""2023-05-04T17:04:57.000Z"""
18.02,8.84,19.95,Clear,Clouds,Clouds,"""2023-05-04T18:00:00.000Z""","""2023-05-05T03:00:00.000Z""","""2023-05-05T15:00:00.000Z""","""2023-05-04T17:34:57.000Z"""
15.24,12.03,15.25,Clouds,Clouds,Clouds,"""2023-05-04T21:00:00.000Z""","""2023-05-05T06:00:00.000Z""","""2023-05-05T18:00:00.000Z""","""2023-05-04T18:04:57.000Z"""
15.24,12.03,15.25,Clouds,Clouds,Clouds,"""2023-05-04T21:00:00.000Z""","""2023-05-05T06:00:00.000Z""","""2023-05-05T18:00:00.000Z""","""2023-05-04T18:34:57.000Z"""
14.04,12.03,15.25,Clouds,Clouds,Clouds,"""2023-05-04T21:00:00.000Z""","""2023-05-05T06:00:00.000Z""","""2023-05-05T18:00:00.000Z""","""2023-05-04T19:04:57.000Z"""
14.23,12.03,15.25,Clear,Clouds,Clouds,"""2023-05-04T21:00:00.000Z""","""2023-05-05T06:00:00.000Z""","""2023-05-05T18:00:00.000Z""","""2023-05-04T19:34:57.000Z"""
13.14,12.03,15.25,Clear,Clouds,Clouds,"""2023-05-04T21:00:00.000Z""","""2023-05-05T06:00:00.000Z""","""2023-05-05T18:00:00.000Z""","""2023-05-04T20:04:57.000Z"""
13.14,12.03,15.25,Clear,Clouds,Clouds,"""2023-05-04T21:00:00.000Z""","""2023-05-05T06:00:00.000Z""","""2023-05-05T18:00:00.000Z""","""2023-05-04T20:34:57.000Z"""
11.76,16.88,12.76,Clouds,Clouds,Clouds,"""2023-05-05T00:00:00.000Z""","""2023-05-05T09:00:00.000Z""","""2023-05-05T21:00:00.000Z""","""2023-05-04T21:04:57.000Z"""
11.05,16.88,12.76,Clouds,Clouds,Clouds,"""2023-05-05T00:00:00.000Z""","""2023-05-05T09:00:00.000Z""","""2023-05-05T21:00:00.000Z""","""2023-05-04T21:34:57.000Z"""
10.85,16.88,12.76,Clouds,Clouds,Clouds,"""2023-05-05T00:00:00.000Z""","""2023-05-05T09:00:00.000Z""","""2023-05-05T21:00:00.000Z""","""2023-05-04T22:04:57.000Z"""
10.59,16.88,12.76,Clear,Clouds,Clouds,"""2023-05-05T00:00:00.000Z""","""2023-05-05T09:00:00.000Z""","""2023-05-05T21:00:00.000Z""","""2023-05-04T22:34:57.000Z"""
10.14,16.88,12.76,Clear,Clouds,Clouds,"""2023-05-05T00:00:00.000Z""","""2023-05-05T09:00:00.000Z""","""2023-05-05T21:00:00.000Z""","""2023-05-04T23:04:57.000Z"""
9.86,16.66,12.86,Clear,Clouds,Clouds,"""2023-05-05T00:00:00.000Z""","""2023-05-05T09:00:00.000Z""","""2023-05-05T21:00:00.000Z""","""2023-05-04T23:34:57.000Z"""
9.53,19.76,11.66,Clouds,Clouds,Clouds,"""2023-05-05T03:00:00.000Z""","""2023-05-05T12:00:00.000Z""","""2023-05-06T00:00:00.000Z""","""2023-05-05T00:04:57.000Z"""
9.17,19.76,11.66,Clouds,Clouds,Clouds,"""2023-05-05T03:00:00.000Z""","""2023-05-05T12:00:00.000Z""","""2023-05-06T00:00:00.000Z""","""2023-05-05T00:34:57.000Z"""
9,19.76,11.66,Clouds,Clouds,Clouds,"""2023-05-05T03:00:00.000Z""","""2023-05-05T12:00:00.000Z""","""2023-05-06T00:00:00.000Z""","""2023-05-05T01:04:57.000Z"""
9.33,19.76,11.66,Clear,Clouds,Clouds,"""2023-05-05T03:00:00.000Z""","""2023-05-05T12:00:00.000Z""","""2023-05-06T00:00:00.000Z""","""2023-05-05T01:34:57.000Z"""
9.29,19.76,11.66,Clear,Clouds,Clouds,"""2023-05-05T03:00:00.000Z""","""2023-05-05T12:00:00.000Z""","""2023-05-06T00:00:00.000Z""","""2023-05-05T02:04:57.000Z"""
8.65,19.76,11.66,Clear,Clouds,Clouds,"""2023-05-05T03:00:00.000Z""","""2023-05-05T12:00:00.000Z""","""2023-05-06T00:00:00.000Z""","""2023-05-05T02:34:57.000Z"""
9.9,20.21,12.16,Clouds,Clouds,Clouds,"""2023-05-05T06:00:00.000Z""","""2023-05-05T15:00:00.000Z""","""2023-05-06T03:00:00.000Z""","""2023-05-05T03:04:57.000Z"""
9.75,20.21,12.16,Clouds,Clouds,Clouds,"""2023-05-05T06:00:00.000Z""","""2023-05-05T15:00:00.000Z""","""2023-05-06T03:00:00.000Z""","""2023-05-05T03:34:57.000Z"""
9.67,20.21,12.16,Clouds,Clouds,Clouds,"""2023-05-05T06:00:00.000Z""","""2023-05-05T15:00:00.000Z""","""2023-05-06T03:00:00.000Z""","""2023-05-05T04:04:57.000Z"""
8.74,20.21,12.16,Clear,Clouds,Clouds,"""2023-05-05T06:00:00.000Z""","""2023-05-05T15:00:00.000Z""","""2023-05-06T03:00:00.000Z""","""2023-05-05T04:34:57.000Z"""
9.4,20.21,12.16,Clear,Clouds,Clouds,"""2023-05-05T06:00:00.000Z""","""2023-05-05T15:00:00.000Z""","""2023-05-06T03:00:00.000Z""","""2023-05-05T05:04:57.000Z"""
10.72,20.21,12.16,Clear,Clouds,Clouds,"""2023-05-05T06:00:00.000Z""","""2023-05-05T15:00:00.000Z""","""2023-05-06T03:00:00.000Z""","""2023-05-05T05:34:57.000Z"""
13.82,15.69,13.89,Clouds,Clouds,Clouds,"""2023-05-05T09:00:00.000Z""","""2023-05-05T18:00:00.000Z""","""2023-05-06T06:00:00.000Z""","""2023-05-05T06:04:57.000Z"""
14.52,15.69,13.89,Clouds,Clouds,Clouds,"""2023-05-05T09:00:00.000Z""","""2023-05-05T18:00:00.000Z""","""2023-05-06T06:00:00.000Z""","""2023-05-05T06:34:57.000Z"""
15.42,15.69,13.89,Clouds,Clouds,Clouds,"""2023-05-05T09:00:00.000Z""","""2023-05-05T18:00:00.000Z""","""2023-05-06T06:00:00.000Z""","""2023-05-05T07:04:57.000Z"""
15.47,15.69,13.89,Clear,Clouds,Clouds,"""2023-05-05T09:00:00.000Z""","""2023-05-05T18:00:00.000Z""","""2023-05-06T06:00:00.000Z""","""2023-05-05T07:34:57.000Z"""
16.23,15.69,13.89,Clear,Clouds,Clouds,"""2023-05-05T09:00:00.000Z""","""2023-05-05T18:00:00.000Z""","""2023-05-06T06:00:00.000Z""","""2023-05-05T08:04:57.000Z"""
17.44,15.69,13.89,Clear,Clouds,Clouds,"""2023-05-05T09:00:00.000Z""","""2023-05-05T18:00:00.000Z""","""2023-05-06T06:00:00.000Z""","""2023-05-05T08:34:57.000Z"""
19.12,13.19,13.95,Clouds,Clouds,Rain,"""2023-05-05T12:00:00.000Z""","""2023-05-05T21:00:00.000Z""","""2023-05-06T09:00:00.000Z""","""2023-05-05T09:04:57.000Z"""
19.49,13.19,13.95,Clouds,Clouds,Rain,"""2023-05-05T12:00:00.000Z""","""2023-05-05T21:00:00.000Z""","""2023-05-06T09:00:00.000Z""","""2023-05-05T09:34:57.000Z"""
20.19,13.19,13.95,Clouds,Clouds,Rain,"""2023-05-05T12:00:00.000Z""","""2023-05-05T21:00:00.000Z""","""2023-05-06T09:00:00.000Z""","""2023-05-05T10:04:57.000Z"""
20.75,13.19,13.95,Clouds,Clouds,Rain,"""2023-05-05T12:00:00.000Z""","""2023-05-05T21:00:00.000Z""","""2023-05-06T09:00:00.000Z""","""2023-05-05T10:34:57.000Z"""
21.58,13.19,13.95,Clouds,Clouds,Rain,"""2023-05-05T12:00:00.000Z""","""2023-05-05T21:00:00.000Z""","""2023-05-06T09:00:00.000Z""","""2023-05-05T11:04:57.000Z"""
21.93,13.19,13.95,Clouds,Clouds,Rain,"""2023-05-05T12:00:00.000Z""","""2023-05-05T21:00:00.000Z""","""2023-05-06T09:00:00.000Z""","""2023-05-05T11:34:57.000Z"""
21.69,11.31,16.06,Clouds,Clouds,Rain,"""2023-05-05T15:00:00.000Z""","""2023-05-06T00:00:00.000Z""","""2023-05-06T12:00:00.000Z""","""2023-05-05T12:04:57.000Z"""
21.8,11.31,16.06,Clear,Clouds,Rain,"""2023-05-05T15:00:00.000Z""","""2023-05-06T00:00:00.000Z""","""2023-05-06T12:00:00.000Z""","""2023-05-05T12:34:57.000Z"""
21.89,11.31,16.06,Clear,Clouds,Rain,"""2023-05-05T15:00:00.000Z""","""2023-05-06T00:00:00.000Z""","""2023-05-06T12:00:00.000Z""","""2023-05-05T13:04:57.000Z"""
22.5,11.31,16.06,Clear,Clouds,Rain,"""2023-05-05T15:00:00.000Z""","""2023-05-06T00:00:00.000Z""","""2023-05-06T12:00:00.000Z""","""2023-05-05T13:34:57.000Z"""
22.79,11.31,16.06,Clear,Clouds,Rain,"""2023-05-05T15:00:00.000Z""","""2023-05-06T00:00:00.000Z""","""2023-05-06T12:00:00.000Z""","""2023-05-05T14:04:57.000Z"""
22.74,11.31,16.06,Clear,Clouds,Rain,"""2023-05-05T15:00:00.000Z""","""2023-05-06T00:00:00.000Z""","""2023-05-06T12:00:00.000Z""","""2023-05-05T14:34:57.000Z"""
20.4,10.22,18.44,Clear,Clouds,Clouds,"""2023-05-05T18:00:00.000Z""","""2023-05-06T03:00:00.000Z""","""2023-05-06T15:00:00.000Z""","""2023-05-05T15:04:57.000Z"""
19.99,10.22,18.44,Clear,Clouds,Clouds,"""2023-05-05T18:00:00.000Z""","""2023-05-06T03:00:00.000Z""","""2023-05-06T15:00:00.000Z""","""2023-05-05T15:34:57.000Z"""
20.07,10.22,18.44,Clear,Clouds,Clouds,"""2023-05-05T18:00:00.000Z""","""2023-05-06T03:00:00.000Z""","""2023-05-06T15:00:00.000Z""","""2023-05-05T16:04:57.000Z"""
21.02,10.22,18.44,Clear,Clouds,Clouds,"""2023-05-05T18:00:00.000Z""","""2023-05-06T03:00:00.000Z""","""2023-05-06T15:00:00.000Z""","""2023-05-05T16:34:57.000Z"""
20.98,10.22,18.44,Clear,Clouds,Clouds,"""2023-05-05T18:00:00.000Z""","""2023-05-06T03:00:00.000Z""","""2023-05-06T15:00:00.000Z""","""2023-05-05T17:04:57.000Z"""
16.66,14.27,15.97,Clouds,Clouds,Rain,"""2023-05-05T21:00:00.000Z""","""2023-05-06T06:00:00.000Z""","""2023-05-06T18:00:00.000Z""","""2023-05-05T18:12:01.000Z"""
15.92,14.27,15.97,Clouds,Clouds,Rain,"""2023-05-05T21:00:00.000Z""","""2023-05-06T06:00:00.000Z""","""2023-05-06T18:00:00.000Z""","""2023-05-05T18:42:01.000Z"""
15.56,14.27,15.97,Clouds,Clouds,Rain,"""2023-05-05T21:00:00.000Z""","""2023-05-06T06:00:00.000Z""","""2023-05-06T18:00:00.000Z""","""2023-05-05T19:12:01.000Z"""
15.56,14.27,15.97,Clear,Clouds,Rain,"""2023-05-05T21:00:00.000Z""","""2023-05-06T06:00:00.000Z""","""2023-05-06T18:00:00.000Z""","""2023-05-05T19:42:01.000Z"""
15.41,14.27,15.97,Clear,Clouds,Rain,"""2023-05-05T21:00:00.000Z""","""2023-05-06T06:00:00.000Z""","""2023-05-06T18:00:00.000Z""","""2023-05-05T20:12:01.000Z"""
14.8,14.27,15.97,Clear,Clouds,Rain,"""2023-05-05T21:00:00.000Z""","""2023-05-06T06:00:00.000Z""","""2023-05-06T18:00:00.000Z""","""2023-05-05T20:42:01.000Z"""
13.14,15.12,13.63,Clouds,Clouds,Rain,"""2023-05-06T00:00:00.000Z""","""2023-05-06T09:00:00.000Z""","""2023-05-06T21:00:00.000Z""","""2023-05-05T21:12:01.000Z"""
12.81,15.12,13.63,Clouds,Clouds,Rain,"""2023-05-06T00:00:00.000Z""","""2023-05-06T09:00:00.000Z""","""2023-05-06T21:00:00.000Z""","""2023-05-05T21:42:01.000Z"""
12.37,15.12,13.63,Clouds,Clouds,Rain,"""2023-05-06T00:00:00.000Z""","""2023-05-06T09:00:00.000Z""","""2023-05-06T21:00:00.000Z""","""2023-05-05T22:12:01.000Z"""
12.28,15.12,13.63,Clear,Clouds,Rain,"""2023-05-06T00:00:00.000Z""","""2023-05-06T09:00:00.000Z""","""2023-05-06T21:00:00.000Z""","""2023-05-05T22:42:01.000Z"""
11.55,15.12,13.63,Clear,Clouds,Rain,"""2023-05-06T00:00:00.000Z""","""2023-05-06T09:00:00.000Z""","""2023-05-06T21:00:00.000Z""","""2023-05-05T23:12:01.000Z"""
11.32,17.14,14.08,Clear,Clouds,Rain,"""2023-05-06T00:00:00.000Z""","""2023-05-06T09:00:00.000Z""","""2023-05-06T21:00:00.000Z""","""2023-05-05T23:42:01.000Z"""
10.7,19.17,13.06,Clouds,Rain,Clouds,"""2023-05-06T03:00:00.000Z""","""2023-05-06T12:00:00.000Z""","""2023-05-07T00:00:00.000Z""","""2023-05-06T00:12:01.000Z"""
10.74,19.17,13.06,Clouds,Rain,Clouds,"""2023-05-06T03:00:00.000Z""","""2023-05-06T12:00:00.000Z""","""2023-05-07T00:00:00.000Z""","""2023-05-06T00:42:01.000Z"""
10.58,19.17,13.06,Clouds,Rain,Clouds,"""2023-05-06T03:00:00.000Z""","""2023-05-06T12:00:00.000Z""","""2023-05-07T00:00:00.000Z""","""2023-05-06T01:12:01.000Z"""
10.38,19.17,13.06,Clear,Rain,Clouds,"""2023-05-06T03:00:00.000Z""","""2023-05-06T12:00:00.000Z""","""2023-05-07T00:00:00.000Z""","""2023-05-06T01:42:01.000Z"""
10.39,19.17,13.06,Clear,Rain,Clouds,"""2023-05-06T03:00:00.000Z""","""2023-05-06T12:00:00.000Z""","""2023-05-07T00:00:00.000Z""","""2023-05-06T02:12:01.000Z"""
10.13,19.17,13.06,Clear,Rain,Clouds,"""2023-05-06T03:00:00.000Z""","""2023-05-06T12:00:00.000Z""","""2023-05-07T00:00:00.000Z""","""2023-05-06T02:42:01.000Z"""
11.64,21.29,12.34,Clouds,Rain,Clouds,"""2023-05-06T06:00:00.000Z""","""2023-05-06T15:00:00.000Z""","""2023-05-07T03:00:00.000Z""","""2023-05-06T03:12:01.000Z"""
11.87,21.29,12.34,Clouds,Rain,Clouds,"""2023-05-06T06:00:00.000Z""","""2023-05-06T15:00:00.000Z""","""2023-05-07T03:00:00.000Z""","""2023-05-06T03:42:01.000Z"""
11.95,21.29,12.34,Clouds,Rain,Clouds,"""2023-05-06T06:00:00.000Z""","""2023-05-06T15:00:00.000Z""","""2023-05-07T03:00:00.000Z""","""2023-05-06T04:12:01.000Z"""
11.22,21.29,12.34,Clear,Rain,Clouds,"""2023-05-06T06:00:00.000Z""","""2023-05-06T15:00:00.000Z""","""2023-05-07T03:00:00.000Z""","""2023-05-06T04:42:01.000Z"""
12.29,21.29,12.34,Clear,Rain,Clouds,"""2023-05-06T06:00:00.000Z""","""2023-05-06T15:00:00.000Z""","""2023-05-07T03:00:00.000Z""","""2023-05-06T05:12:01.000Z"""
13.76,21.06,12.68,Clear,Rain,Clouds,"""2023-05-06T06:00:00.000Z""","""2023-05-06T15:00:00.000Z""","""2023-05-07T03:00:00.000Z""","""2023-05-06T05:42:01.000Z"""
14.37,15.87,15.04,Clouds,Rain,Clouds,"""2023-05-06T09:00:00.000Z""","""2023-05-06T18:00:00.000Z""","""2023-05-07T06:00:00.000Z""","""2023-05-06T06:12:01.000Z"""
14.56,15.87,15.04,Clouds,Rain,Clouds,"""2023-05-06T09:00:00.000Z""","""2023-05-06T18:00:00.000Z""","""2023-05-07T06:00:00.000Z""","""2023-05-06T06:42:01.000Z"""
14.83,15.87,15.04,Clouds,Rain,Clouds,"""2023-05-06T09:00:00.000Z""","""2023-05-06T18:00:00.000Z""","""2023-05-07T06:00:00.000Z""","""2023-05-06T07:12:01.000Z"""
14.01,15.87,15.04,Clouds,Rain,Clouds,"""2023-05-06T09:00:00.000Z""","""2023-05-06T18:00:00.000Z""","""2023-05-07T06:00:00.000Z""","""2023-05-06T07:42:01.000Z"""
13.91,15.87,15.04,Clouds,Rain,Clouds,"""2023-05-06T09:00:00.000Z""","""2023-05-06T18:00:00.000Z""","""2023-05-07T06:00:00.000Z""","""2023-05-06T08:12:01.000Z"""
14.49,15.87,15.04,Clouds,Rain,Clouds,"""2023-05-06T09:00:00.000Z""","""2023-05-06T18:00:00.000Z""","""2023-05-07T06:00:00.000Z""","""2023-05-06T08:42:01.000Z"""
16.42,13.9,18.69,Rain,Rain,Clouds,"""2023-05-06T12:00:00.000Z""","""2023-05-06T21:00:00.000Z""","""2023-05-07T09:00:00.000Z""","""2023-05-06T09:21:06.000Z"""
17.41,13.9,18.69,Rain,Rain,Clouds,"""2023-05-06T12:00:00.000Z""","""2023-05-06T21:00:00.000Z""","""2023-05-07T09:00:00.000Z""","""2023-05-06T09:51:07.000Z"""
17.95,13.9,18.69,Rain,Rain,Clouds,"""2023-05-06T12:00:00.000Z""","""2023-05-06T21:00:00.000Z""","""2023-05-07T09:00:00.000Z""","""2023-05-06T10:21:06.000Z"""
17.83,13.9,18.69,Rain,Rain,Clouds,"""2023-05-06T12:00:00.000Z""","""2023-05-06T21:00:00.000Z""","""2023-05-07T09:00:00.000Z""","""2023-05-06T10:51:06.000Z"""
19.21,13.9,18.69,Rain,Rain,Clouds,"""2023-05-06T12:00:00.000Z""","""2023-05-06T21:00:00.000Z""","""2023-05-07T09:00:00.000Z""","""2023-05-06T11:21:06.000Z"""
19.93,14.46,17.48,Rain,Rain,Clouds,"""2023-05-06T12:00:00.000Z""","""2023-05-06T21:00:00.000Z""","""2023-05-07T09:00:00.000Z""","""2023-05-06T11:51:06.000Z"""
20.91,13.87,18.17,Rain,Rain,Clouds,"""2023-05-06T15:00:00.000Z""","""2023-05-07T00:00:00.000Z""","""2023-05-07T12:00:00.000Z""","""2023-05-06T12:21:06.000Z"""
22.02,13.87,18.17,Rain,Rain,Clouds,"""2023-05-06T15:00:00.000Z""","""2023-05-07T00:00:00.000Z""","""2023-05-07T12:00:00.000Z""","""2023-05-06T12:51:06.000Z"""
21.67,13.87,18.17,Rain,Rain,Clouds,"""2023-05-06T15:00:00.000Z""","""2023-05-07T00:00:00.000Z""","""2023-05-07T12:00:00.000Z""","""2023-05-06T13:21:06.000Z"""
22.31,13.87,18.17,Rain,Rain,Clouds,"""2023-05-06T15:00:00.000Z""","""2023-05-07T00:00:00.000Z""","""2023-05-07T12:00:00.000Z""","""2023-05-06T13:51:06.000Z"""
19.11,13.87,18.17,Rain,Rain,Clouds,"""2023-05-06T15:00:00.000Z""","""2023-05-07T00:00:00.000Z""","""2023-05-07T12:00:00.000Z""","""2023-05-06T14:21:06.000Z"""
19.22,13.87,18.17,Rain,Rain,Clouds,"""2023-05-06T15:00:00.000Z""","""2023-05-07T00:00:00.000Z""","""2023-05-07T12:00:00.000Z""","""2023-05-06T14:51:06.000Z"""
18.12,12.33,15.58,Rain,Clouds,Clouds,"""2023-05-06T18:00:00.000Z""","""2023-05-07T03:00:00.000Z""","""2023-05-07T15:00:00.000Z""","""2023-05-06T15:21:06.000Z"""
17.96,12.33,15.58,Rain,Clouds,Clouds,"""2023-05-06T18:00:00.000Z""","""2023-05-07T03:00:00.000Z""","""2023-05-07T15:00:00.000Z""","""2023-05-06T15:51:06.000Z"""
18.18,12.33,15.58,Rain,Clouds,Clouds,"""2023-05-06T18:00:00.000Z""","""2023-05-07T03:00:00.000Z""","""2023-05-07T15:00:00.000Z""","""2023-05-06T16:21:06.000Z"""
17.94,12.33,15.58,Rain,Clouds,Clouds,"""2023-05-06T18:00:00.000Z""","""2023-05-07T03:00:00.000Z""","""2023-05-07T15:00:00.000Z""","""2023-05-06T16:51:06.000Z"""
17.74,12.33,15.58,Rain,Clouds,Clouds,"""2023-05-06T18:00:00.000Z""","""2023-05-07T03:00:00.000Z""","""2023-05-07T15:00:00.000Z""","""2023-05-06T17:21:06.000Z"""
16.68,12.01,16.23,Rain,Clouds,Clouds,"""2023-05-06T18:00:00.000Z""","""2023-05-07T03:00:00.000Z""","""2023-05-07T15:00:00.000Z""","""2023-05-06T17:51:06.000Z"""
15.5,13.69,10.43,Rain,Clouds,Clouds,"""2023-05-06T21:00:00.000Z""","""2023-05-07T06:00:00.000Z""","""2023-05-07T18:00:00.000Z""","""2023-05-06T18:21:06.000Z"""
14.9,13.69,10.43,Rain,Clouds,Clouds,"""2023-05-06T21:00:00.000Z""","""2023-05-07T06:00:00.000Z""","""2023-05-07T18:00:00.000Z""","""2023-05-06T18:51:06.000Z"""
14.94,13.69,10.43,Rain,Clouds,Clouds,"""2023-05-06T21:00:00.000Z""","""2023-05-07T06:00:00.000Z""","""2023-05-07T18:00:00.000Z""","""2023-05-06T19:21:06.000Z"""
14.8,13.69,10.43,Rain,Clouds,Clouds,"""2023-05-06T21:00:00.000Z""","""2023-05-07T06:00:00.000Z""","""2023-05-07T18:00:00.000Z""","""2023-05-06T19:51:06.000Z"""
14.8,13.69,10.43,Rain,Clouds,Clouds,"""2023-05-06T21:00:00.000Z""","""2023-05-07T06:00:00.000Z""","""2023-05-07T18:00:00.000Z""","""2023-05-06T20:01:07.000Z"""
14.8,13.69,10.43,Rain,Clouds,Clouds,"""2023-05-06T21:00:00.000Z""","""2023-05-07T06:00:00.000Z""","""2023-05-07T18:00:00.000Z""","""2023-05-06T20:01:57.000Z"""
14.55,13.69,10.43,Rain,Clouds,Clouds,"""2023-05-06T21:00:00.000Z""","""2023-05-07T06:00:00.000Z""","""2023-05-07T18:00:00.000Z""","""2023-05-06T20:07:52.000Z"""
14.55,13.69,10.43,Rain,Clouds,Clouds,"""2023-05-06T21:00:00.000Z""","""2023-05-07T06:00:00.000Z""","""2023-05-07T18:00:00.000Z""","""2023-05-06T20:27:01.000Z"""
14.55,13.69,10.43,Rain,Clouds,Clouds,"""2023-05-06T21:00:00.000Z""","""2023-05-07T06:00:00.000Z""","""2023-05-07T18:00:00.000Z""","""2023-05-06T20:40:40.000Z"""
14.29,17.49,7.15,Clouds,Clouds,Clouds,"""2023-05-07T00:00:00.000Z""","""2023-05-07T09:00:00.000Z""","""2023-05-07T21:00:00.000Z""","""2023-05-06T21:30:08.000Z"""
14.21,17.23,6.28,Clouds,Clouds,Clouds,"""2023-05-07T00:00:00.000Z""","""2023-05-07T09:00:00.000Z""","""2023-05-07T21:00:00.000Z""","""2023-05-06T22:00:06.000Z"""
14.52,17.49,7.15,Clouds,Clouds,Clouds,"""2023-05-07T00:00:00.000Z""","""2023-05-07T09:00:00.000Z""","""2023-05-07T21:00:00.000Z""","""2023-05-06T22:30:07.000Z"""
14.42,17.49,7.15,Clear,Clouds,Clouds,"""2023-05-07T00:00:00.000Z""","""2023-05-07T09:00:00.000Z""","""2023-05-07T21:00:00.000Z""","""2023-05-06T23:00:09.000Z"""
13.81,17.49,7.15,Clear,Clouds,Clouds,"""2023-05-07T00:00:00.000Z""","""2023-05-07T09:00:00.000Z""","""2023-05-07T21:00:00.000Z""","""2023-05-06T23:30:07.000Z"""
13.41,19.69,5.78,Clouds,Clouds,Clouds,"""2023-05-07T03:00:00.000Z""","""2023-05-07T12:00:00.000Z""","""2023-05-08T00:00:00.000Z""","""2023-05-07T00:00:09.000Z"""
12.89,19.69,5.78,Clouds,Clouds,Clouds,"""2023-05-07T03:00:00.000Z""","""2023-05-07T12:00:00.000Z""","""2023-05-08T00:00:00.000Z""","""2023-05-07T00:30:06.000Z"""
12.89,19.69,5.78,Clouds,Clouds,Clouds,"""2023-05-07T03:00:00.000Z""","""2023-05-07T12:00:00.000Z""","""2023-05-08T00:00:00.000Z""","""2023-05-07T01:00:07.000Z"""
12.14,19.69,5.78,Clear,Clouds,Clouds,"""2023-05-07T03:00:00.000Z""","""2023-05-07T12:00:00.000Z""","""2023-05-08T00:00:00.000Z""","""2023-05-07T01:30:06.000Z"""
11.86,19.69,5.78,Clouds,Clouds,Clouds,"""2023-05-07T03:00:00.000Z""","""2023-05-07T12:00:00.000Z""","""2023-05-08T00:00:00.000Z""","""2023-05-07T02:00:07.000Z"""
11.7,19.69,5.78,Clouds,Clouds,Clouds,"""2023-05-07T03:00:00.000Z""","""2023-05-07T12:00:00.000Z""","""2023-05-08T00:00:00.000Z""","""2023-05-07T02:30:06.000Z"""
12.29,17.57,4.46,Clouds,Clouds,Clouds,"""2023-05-07T06:00:00.000Z""","""2023-05-07T15:00:00.000Z""","""2023-05-08T03:00:00.000Z""","""2023-05-07T03:00:06.000Z"""
12.4,17.57,4.46,Clouds,Clouds,Clouds,"""2023-05-07T06:00:00.000Z""","""2023-05-07T15:00:00.000Z""","""2023-05-08T03:00:00.000Z""","""2023-05-07T03:30:08.000Z"""
12.37,17.57,4.46,Clouds,Clouds,Clouds,"""2023-05-07T06:00:00.000Z""","""2023-05-07T15:00:00.000Z""","""2023-05-08T03:00:00.000Z""","""2023-05-07T04:00:06.000Z"""
11.43,17.57,4.46,Clouds,Clouds,Clouds,"""2023-05-07T06:00:00.000Z""","""2023-05-07T15:00:00.000Z""","""2023-05-08T03:00:00.000Z""","""2023-05-07T04:30:06.000Z"""
11.66,17.57,4.46,Clouds,Clouds,Clouds,"""2023-05-07T06:00:00.000Z""","""2023-05-07T15:00:00.000Z""","""2023-05-08T03:00:00.000Z""","""2023-05-07T05:00:07.000Z"""
12.33,17.57,4.46,Clouds,Clouds,Clouds,"""2023-05-07T06:00:00.000Z""","""2023-05-07T15:00:00.000Z""","""2023-05-08T03:00:00.000Z""","""2023-05-07T05:30:08.000Z"""
15.04,11.33,7.96,Clouds,Clouds,Clouds,"""2023-05-07T09:00:00.000Z""","""2023-05-07T18:00:00.000Z""","""2023-05-08T06:00:00.000Z""","""2023-05-07T06:00:06.000Z"""
15.63,11.33,7.96,Clouds,Clouds,Clouds,"""2023-05-07T09:00:00.000Z""","""2023-05-07T18:00:00.000Z""","""2023-05-08T06:00:00.000Z""","""2023-05-07T06:30:07.000Z"""
16.3,11.33,7.96,Clouds,Clouds,Clouds,"""2023-05-07T09:00:00.000Z""","""2023-05-07T18:00:00.000Z""","""2023-05-08T06:00:00.000Z""","""2023-05-07T07:00:07.000Z"""
16.42,11.33,7.96,Clouds,Clouds,Clouds,"""2023-05-07T09:00:00.000Z""","""2023-05-07T18:00:00.000Z""","""2023-05-08T06:00:00.000Z""","""2023-05-07T07:30:06.000Z"""
16.93,11.33,7.96,Clouds,Clouds,Clouds,"""2023-05-07T09:00:00.000Z""","""2023-05-07T18:00:00.000Z""","""2023-05-08T06:00:00.000Z""","""2023-05-07T08:00:13.000Z"""
17.25,11.33,7.96,Clouds,Clouds,Clouds,"""2023-05-07T09:00:00.000Z""","""2023-05-07T18:00:00.000Z""","""2023-05-08T06:00:00.000Z""","""2023-05-07T08:08:21.000Z"""
18.1,11.33,7.96,Clouds,Clouds,Clouds,"""2023-05-07T09:00:00.000Z""","""2023-05-07T18:00:00.000Z""","""2023-05-08T06:00:00.000Z""","""2023-05-07T08:37:52.000Z"""
18.1,11.33,7.96,Clouds,Clouds,Clouds,"""2023-05-07T09:00:00.000Z""","""2023-05-07T18:00:00.000Z""","""2023-05-08T06:00:00.000Z""","""2023-05-07T08:50:35.000Z"""
19.07,8.08,11.92,Clouds,Clouds,Clouds,"""2023-05-07T12:00:00.000Z""","""2023-05-07T21:00:00.000Z""","""2023-05-08T09:00:00.000Z""","""2023-05-07T09:40:27.000Z"""
19.98,8.08,11.92,Clouds,Clouds,Clouds,"""2023-05-07T12:00:00.000Z""","""2023-05-07T21:00:00.000Z""","""2023-05-08T09:00:00.000Z""","""2023-05-07T11:08:53.000Z"""
20.16,8.08,11.92,Clouds,Clouds,Clouds,"""2023-05-07T12:00:00.000Z""","""2023-05-07T21:00:00.000Z""","""2023-05-08T09:00:00.000Z""","""2023-05-07T11:22:21.000Z"""
20.16,8.08,11.92,Clouds,Clouds,Clouds,"""2023-05-07T12:00:00.000Z""","""2023-05-07T21:00:00.000Z""","""2023-05-08T09:00:00.000Z""","""2023-05-07T11:26:54.000Z"""
20.16,8.08,15.41,Clouds,Clouds,Clouds,"""2023-05-07T12:00:00.000Z""","""2023-05-07T21:00:00.000Z""","""2023-05-08T12:00:00.000Z""","""2023-05-07T11:33:49.000Z"""
19.8,8.08,15.41,Clouds,Clouds,Clouds,"""2023-05-07T12:00:00.000Z""","""2023-05-07T21:00:00.000Z""","""2023-05-08T12:00:00.000Z""","""2023-05-07T11:39:50.000Z"""
20.44,8.08,15.41,Clouds,Clouds,Clouds,"""2023-05-07T12:00:00.000Z""","""2023-05-07T21:00:00.000Z""","""2023-05-08T12:00:00.000Z""","""2023-05-07T11:45:32.000Z"""
19.8,8.08,15.41,Clouds,Clouds,Clouds,"""2023-05-07T12:00:00.000Z""","""2023-05-07T21:00:00.000Z""","""2023-05-08T12:00:00.000Z""","""2023-05-07T11:47:25.000Z"""
20.44,8.08,15.41,Clouds,Clouds,Clouds,"""2023-05-07T12:00:00.000Z""","""2023-05-07T21:00:00.000Z""","""2023-05-08T12:00:00.000Z""","""2023-05-07T11:49:46.000Z"""
19.44,5.7,17.11,Clouds,Clouds,Clouds,"""2023-05-07T15:00:00.000Z""","""2023-05-08T00:00:00.000Z""","""2023-05-08T15:00:00.000Z""","""2023-05-07T12:46:48.000Z"""
19.67,5.7,17.11,Clouds,Clouds,Clouds,"""2023-05-07T15:00:00.000Z""","""2023-05-08T00:00:00.000Z""","""2023-05-08T15:00:00.000Z""","""2023-05-07T13:51:29.000Z"""
19.99,5.7,17.11,Clouds,Clouds,Clouds,"""2023-05-07T15:00:00.000Z""","""2023-05-08T00:00:00.000Z""","""2023-05-08T15:00:00.000Z""","""2023-05-07T14:21:28.000Z"""
19.45,5.7,17.11,Clouds,Clouds,Clouds,"""2023-05-07T15:00:00.000Z""","""2023-05-08T00:00:00.000Z""","""2023-05-08T15:00:00.000Z""","""2023-05-07T14:51:29.000Z"""
16.27,4.11,11.77,Clouds,Clouds,Clouds,"""2023-05-07T18:00:00.000Z""","""2023-05-08T03:00:00.000Z""","""2023-05-08T18:00:00.000Z""","""2023-05-07T15:21:29.000Z"""
16.55,4.11,11.77,Clear,Clouds,Clouds,"""2023-05-07T18:00:00.000Z""","""2023-05-08T03:00:00.000Z""","""2023-05-08T18:00:00.000Z""","""2023-05-07T16:32:58.000Z"""
15.87,4.11,11.77,Clear,Clouds,Clouds,"""2023-05-07T18:00:00.000Z""","""2023-05-08T03:00:00.000Z""","""2023-05-08T18:00:00.000Z""","""2023-05-07T17:02:58.000Z"""
14.71,4.11,11.77,Clear,Clouds,Clouds,"""2023-05-07T18:00:00.000Z""","""2023-05-08T03:00:00.000Z""","""2023-05-08T18:00:00.000Z""","""2023-05-07T17:32:58.000Z"""
11.64,8.12,8.93,Clouds,Clouds,Clouds,"""2023-05-07T21:00:00.000Z""","""2023-05-08T06:00:00.000Z""","""2023-05-08T21:00:00.000Z""","""2023-05-07T18:02:58.000Z"""
10.73,8.12,8.93,Clouds,Clouds,Clouds,"""2023-05-07T21:00:00.000Z""","""2023-05-08T06:00:00.000Z""","""2023-05-08T21:00:00.000Z""","""2023-05-07T18:32:58.000Z"""
10.28,8.12,8.93,Clouds,Clouds,Clouds,"""2023-05-07T21:00:00.000Z""","""2023-05-08T06:00:00.000Z""","""2023-05-08T21:00:00.000Z""","""2023-05-07T19:02:58.000Z"""
10.66,8.12,8.93,Clouds,Clouds,Clouds,"""2023-05-07T21:00:00.000Z""","""2023-05-08T06:00:00.000Z""","""2023-05-08T21:00:00.000Z""","""2023-05-07T19:32:58.000Z"""
10.54,8.12,8.93,Clouds,Clouds,Clouds,"""2023-05-07T21:00:00.000Z""","""2023-05-08T06:00:00.000Z""","""2023-05-08T21:00:00.000Z""","""2023-05-07T20:02:58.000Z"""
9.9,8.12,8.93,Clouds,Clouds,Clouds,"""2023-05-07T21:00:00.000Z""","""2023-05-08T06:00:00.000Z""","""2023-05-08T21:00:00.000Z""","""2023-05-07T20:32:58.000Z"""
8.34,12.86,9.37,Clouds,Clouds,Clouds,"""2023-05-08T00:00:00.000Z""","""2023-05-08T09:00:00.000Z""","""2023-05-09T00:00:00.000Z""","""2023-05-07T21:02:58.000Z"""
8.3,12.86,9.37,Clouds,Clouds,Clouds,"""2023-05-08T00:00:00.000Z""","""2023-05-08T09:00:00.000Z""","""2023-05-09T00:00:00.000Z""","""2023-05-07T21:32:58.000Z"""
7.92,12.86,9.37,Clouds,Clouds,Clouds,"""2023-05-08T00:00:00.000Z""","""2023-05-08T09:00:00.000Z""","""2023-05-09T00:00:00.000Z""","""2023-05-07T22:02:58.000Z"""
8.35,12.86,9.37,Clouds,Clouds,Clouds,"""2023-05-08T00:00:00.000Z""","""2023-05-08T09:00:00.000Z""","""2023-05-09T00:00:00.000Z""","""2023-05-07T22:32:58.000Z"""
8.25,12.86,9.37,Clear,Clouds,Clouds,"""2023-05-08T00:00:00.000Z""","""2023-05-08T09:00:00.000Z""","""2023-05-09T00:00:00.000Z""","""2023-05-07T23:02:58.000Z"""
7.86,12.86,9.37,Clear,Clouds,Clouds,"""2023-05-08T00:00:00.000Z""","""2023-05-08T09:00:00.000Z""","""2023-05-09T00:00:00.000Z""","""2023-05-07T23:32:58.000Z"""
6.5,16.42,8.55,Clouds,Clouds,Clouds,"""2023-05-08T03:00:00.000Z""","""2023-05-08T12:00:00.000Z""","""2023-05-09T03:00:00.000Z""","""2023-05-08T00:02:58.000Z"""
6.26,16.42,8.55,Clouds,Clouds,Clouds,"""2023-05-08T03:00:00.000Z""","""2023-05-08T12:00:00.000Z""","""2023-05-09T03:00:00.000Z""","""2023-05-08T00:32:58.000Z"""
6.06,16.42,8.55,Clouds,Clouds,Clouds,"""2023-05-08T03:00:00.000Z""","""2023-05-08T12:00:00.000Z""","""2023-05-09T03:00:00.000Z""","""2023-05-08T01:02:58.000Z"""
6.89,16.42,8.55,Clear,Clouds,Clouds,"""2023-05-08T03:00:00.000Z""","""2023-05-08T12:00:00.000Z""","""2023-05-09T03:00:00.000Z""","""2023-05-08T01:32:58.000Z"""
6.69,16.42,8.55,Clear,Clouds,Clouds,"""2023-05-08T03:00:00.000Z""","""2023-05-08T12:00:00.000Z""","""2023-05-09T03:00:00.000Z""","""2023-05-08T02:02:58.000Z"""
6.26,16.42,8.55,Clear,Clouds,Clouds,"""2023-05-08T03:00:00.000Z""","""2023-05-08T12:00:00.000Z""","""2023-05-09T03:00:00.000Z""","""2023-05-08T02:32:58.000Z"""
6.51,17.36,9.19,Clouds,Clouds,Clouds,"""2023-05-08T06:00:00.000Z""","""2023-05-08T15:00:00.000Z""","""2023-05-09T06:00:00.000Z""","""2023-05-08T03:02:58.000Z"""
6.64,17.36,9.19,Clouds,Clouds,Clouds,"""2023-05-08T06:00:00.000Z""","""2023-05-08T15:00:00.000Z""","""2023-05-09T06:00:00.000Z""","""2023-05-08T03:32:58.000Z"""
6.97,17.36,9.19,Clouds,Clouds,Clouds,"""2023-05-08T06:00:00.000Z""","""2023-05-08T15:00:00.000Z""","""2023-05-09T06:00:00.000Z""","""2023-05-08T04:02:58.000Z"""
6.95,17.36,9.19,Clouds,Clouds,Clouds,"""2023-05-08T06:00:00.000Z""","""2023-05-08T15:00:00.000Z""","""2023-05-09T06:00:00.000Z""","""2023-05-08T04:32:58.000Z"""
7.68,17.36,9.19,Clouds,Clouds,Clouds,"""2023-05-08T06:00:00.000Z""","""2023-05-08T15:00:00.000Z""","""2023-05-09T06:00:00.000Z""","""2023-05-08T05:02:58.000Z"""
8.67,17.36,9.19,Clouds,Clouds,Clouds,"""2023-05-08T06:00:00.000Z""","""2023-05-08T15:00:00.000Z""","""2023-05-09T06:00:00.000Z""","""2023-05-08T05:32:58.000Z"""
10.38,12.46,13.42,Clouds,Clouds,Clouds,"""2023-05-08T09:00:00.000Z""","""2023-05-08T18:00:00.000Z""","""2023-05-09T09:00:00.000Z""","""2023-05-08T06:02:58.000Z"""
10.76,12.46,13.42,Clouds,Clouds,Clouds,"""2023-05-08T09:00:00.000Z""","""2023-05-08T18:00:00.000Z""","""2023-05-09T09:00:00.000Z""","""2023-05-08T06:32:58.000Z"""
11.26,12.46,13.42,Clouds,Clouds,Clouds,"""2023-05-08T09:00:00.000Z""","""2023-05-08T18:00:00.000Z""","""2023-05-09T09:00:00.000Z""","""2023-05-08T07:02:58.000Z"""
11.29,12.46,13.42,Clouds,Clouds,Clouds,"""2023-05-08T09:00:00.000Z""","""2023-05-08T18:00:00.000Z""","""2023-05-09T09:00:00.000Z""","""2023-05-08T07:32:58.000Z"""
12.07,12.46,13.42,Clouds,Clouds,Clouds,"""2023-05-08T09:00:00.000Z""","""2023-05-08T18:00:00.000Z""","""2023-05-09T09:00:00.000Z""","""2023-05-08T08:02:58.000Z"""
13.65,12.46,13.42,Clouds,Clouds,Clouds,"""2023-05-08T09:00:00.000Z""","""2023-05-08T18:00:00.000Z""","""2023-05-09T09:00:00.000Z""","""2023-05-08T08:48:21.000Z"""
15,8.88,16.15,Clouds,Clouds,Clouds,"""2023-05-08T12:00:00.000Z""","""2023-05-08T21:00:00.000Z""","""2023-05-09T12:00:00.000Z""","""2023-05-08T09:18:20.000Z"""
16.32,8.88,16.15,Clouds,Clouds,Clouds,"""2023-05-08T12:00:00.000Z""","""2023-05-08T21:00:00.000Z""","""2023-05-09T12:00:00.000Z""","""2023-05-08T11:21:28.000Z"""
17.24,10.02,15.85,Clouds,Clouds,Clouds,"""2023-05-08T12:00:00.000Z""","""2023-05-08T21:00:00.000Z""","""2023-05-09T12:00:00.000Z""","""2023-05-08T11:51:28.000Z"""
17.2,9.59,16.5,Clouds,Clouds,Clouds,"""2023-05-08T15:00:00.000Z""","""2023-05-09T00:00:00.000Z""","""2023-05-09T15:00:00.000Z""","""2023-05-08T12:21:28.000Z"""
17.86,9.59,16.5,Clouds,Clouds,Clouds,"""2023-05-08T15:00:00.000Z""","""2023-05-09T00:00:00.000Z""","""2023-05-09T15:00:00.000Z""","""2023-05-08T12:51:28.000Z"""
18.16,9.59,16.5,Clouds,Clouds,Clouds,"""2023-05-08T15:00:00.000Z""","""2023-05-09T00:00:00.000Z""","""2023-05-09T15:00:00.000Z""","""2023-05-08T13:21:28.000Z"""
18.47,9.59,16.5,Clouds,Clouds,Clouds,"""2023-05-08T15:00:00.000Z""","""2023-05-09T00:00:00.000Z""","""2023-05-09T15:00:00.000Z""","""2023-05-08T13:51:28.000Z"""
18.69,9.59,16.5,Clouds,Clouds,Clouds,"""2023-05-08T15:00:00.000Z""","""2023-05-09T00:00:00.000Z""","""2023-05-09T15:00:00.000Z""","""2023-05-08T14:21:28.000Z"""
18.96,9.59,16.5,Clouds,Clouds,Clouds,"""2023-05-08T15:00:00.000Z""","""2023-05-09T00:00:00.000Z""","""2023-05-09T15:00:00.000Z""","""2023-05-08T14:51:28.000Z"""
16.75,7.44,11.16,Clouds,Clouds,Clouds,"""2023-05-08T18:00:00.000Z""","""2023-05-09T03:00:00.000Z""","""2023-05-09T18:00:00.000Z""","""2023-05-08T15:21:28.000Z"""
16.13,7.44,11.16,Clouds,Clouds,Clouds,"""2023-05-08T18:00:00.000Z""","""2023-05-09T03:00:00.000Z""","""2023-05-09T18:00:00.000Z""","""2023-05-08T15:51:28.000Z"""
16.55,7.44,11.16,Clouds,Clouds,Clouds,"""2023-05-08T18:00:00.000Z""","""2023-05-09T03:00:00.000Z""","""2023-05-09T18:00:00.000Z""","""2023-05-08T16:21:28.000Z"""
16.55,7.44,11.16,Clouds,Clouds,Clouds,"""2023-05-08T18:00:00.000Z""","""2023-05-09T03:00:00.000Z""","""2023-05-09T18:00:00.000Z""","""2023-05-08T16:31:20.000Z"""
18.02,7.44,11.16,Clear,Clouds,Clouds,"""2023-05-08T18:00:00.000Z""","""2023-05-09T03:00:00.000Z""","""2023-05-09T18:00:00.000Z""","""2023-05-08T16:51:28.000Z"""
17.07,7.44,11.16,Clear,Clouds,Clouds,"""2023-05-08T18:00:00.000Z""","""2023-05-09T03:00:00.000Z""","""2023-05-09T18:00:00.000Z""","""2023-05-08T17:23:07.000Z"""
16.02,7.48,11.74,Clear,Clouds,Clear,"""2023-05-08T18:00:00.000Z""","""2023-05-09T03:00:00.000Z""","""2023-05-09T18:00:00.000Z""","""2023-05-08T17:53:07.000Z"""
13.13,8.71,8.16,Clouds,Clouds,Clear,"""2023-05-08T21:00:00.000Z""","""2023-05-09T06:00:00.000Z""","""2023-05-09T21:00:00.000Z""","""2023-05-08T18:23:07.000Z"""
12.47,8.71,8.16,Clouds,Clouds,Clear,"""2023-05-08T21:00:00.000Z""","""2023-05-09T06:00:00.000Z""","""2023-05-09T21:00:00.000Z""","""2023-05-08T18:53:07.000Z"""
11.58,8.71,8.16,Clouds,Clouds,Clear,"""2023-05-08T21:00:00.000Z""","""2023-05-09T06:00:00.000Z""","""2023-05-09T21:00:00.000Z""","""2023-05-08T19:23:07.000Z"""
11.67,8.71,8.16,Clear,Clouds,Clear,"""2023-05-08T21:00:00.000Z""","""2023-05-09T06:00:00.000Z""","""2023-05-09T21:00:00.000Z""","""2023-05-08T19:53:07.000Z"""
10.43,8.71,8.16,Clear,Clouds,Clear,"""2023-05-08T21:00:00.000Z""","""2023-05-09T06:00:00.000Z""","""2023-05-09T21:00:00.000Z""","""2023-05-08T20:23:07.000Z"""
10,8.71,8.16,Clear,Clouds,Clear,"""2023-05-08T21:00:00.000Z""","""2023-05-09T06:00:00.000Z""","""2023-05-09T21:00:00.000Z""","""2023-05-08T20:53:07.000Z"""
9.38,13.23,7.89,Clouds,Clouds,Clear,"""2023-05-09T00:00:00.000Z""","""2023-05-09T09:00:00.000Z""","""2023-05-10T00:00:00.000Z""","""2023-05-08T21:23:07.000Z"""
9.18,13.23,7.89,Clouds,Clouds,Clear,"""2023-05-09T00:00:00.000Z""","""2023-05-09T09:00:00.000Z""","""2023-05-10T00:00:00.000Z""","""2023-05-08T21:53:07.000Z"""
8.86,13.23,7.89,Clouds,Clouds,Clear,"""2023-05-09T00:00:00.000Z""","""2023-05-09T09:00:00.000Z""","""2023-05-10T00:00:00.000Z""","""2023-05-08T22:23:07.000Z"""
8.49,13.23,7.89,Clear,Clouds,Clear,"""2023-05-09T00:00:00.000Z""","""2023-05-09T09:00:00.000Z""","""2023-05-10T00:00:00.000Z""","""2023-05-08T22:53:07.000Z"""
8.43,13.23,7.89,Clear,Clouds,Clear,"""2023-05-09T00:00:00.000Z""","""2023-05-09T09:00:00.000Z""","""2023-05-10T00:00:00.000Z""","""2023-05-08T23:23:07.000Z"""
7.77,13.33,8.21,Clear,Clouds,Clear,"""2023-05-09T00:00:00.000Z""","""2023-05-09T09:00:00.000Z""","""2023-05-10T00:00:00.000Z""","""2023-05-08T23:53:07.000Z"""
8.13,16.06,7.16,Clouds,Clouds,Clear,"""2023-05-09T03:00:00.000Z""","""2023-05-09T12:00:00.000Z""","""2023-05-10T03:00:00.000Z""","""2023-05-09T00:23:08.000Z"""
8.02,16.06,7.16,Clouds,Clouds,Clear,"""2023-05-09T03:00:00.000Z""","""2023-05-09T12:00:00.000Z""","""2023-05-10T03:00:00.000Z""","""2023-05-09T00:53:07.000Z"""
8.04,16.06,7.16,Clouds,Clouds,Clear,"""2023-05-09T03:00:00.000Z""","""2023-05-09T12:00:00.000Z""","""2023-05-10T03:00:00.000Z""","""2023-05-09T01:23:07.000Z"""
7.39,16.06,7.16,Clouds,Clouds,Clear,"""2023-05-09T03:00:00.000Z""","""2023-05-09T12:00:00.000Z""","""2023-05-10T03:00:00.000Z""","""2023-05-09T01:53:07.000Z"""
7.73,16.06,7.16,Clouds,Clouds,Clear,"""2023-05-09T03:00:00.000Z""","""2023-05-09T12:00:00.000Z""","""2023-05-10T03:00:00.000Z""","""2023-05-09T02:23:07.000Z"""
7.44,16.06,7.16,Clouds,Clouds,Clear,"""2023-05-09T03:00:00.000Z""","""2023-05-09T12:00:00.000Z""","""2023-05-10T03:00:00.000Z""","""2023-05-09T02:53:07.000Z"""
8,16.6,10.11,Clouds,Clouds,Clouds,"""2023-05-09T06:00:00.000Z""","""2023-05-09T15:00:00.000Z""","""2023-05-10T06:00:00.000Z""","""2023-05-09T03:23:07.000Z"""
7.61,16.6,10.11,Clouds,Clouds,Clouds,"""2023-05-09T06:00:00.000Z""","""2023-05-09T15:00:00.000Z""","""2023-05-10T06:00:00.000Z""","""2023-05-09T03:53:07.000Z"""
7.79,16.6,10.11,Clouds,Clouds,Clouds,"""2023-05-09T06:00:00.000Z""","""2023-05-09T15:00:00.000Z""","""2023-05-10T06:00:00.000Z""","""2023-05-09T04:23:07.000Z"""
7.79,16.6,10.11,Clouds,Clouds,Clouds,"""2023-05-09T06:00:00.000Z""","""2023-05-09T15:00:00.000Z""","""2023-05-10T06:00:00.000Z""","""2023-05-09T04:53:07.000Z"""
8.58,16.6,10.11,Clouds,Clouds,Clouds,"""2023-05-09T06:00:00.000Z""","""2023-05-09T15:00:00.000Z""","""2023-05-10T06:00:00.000Z""","""2023-05-09T05:23:07.000Z"""
9.42,16.68,10.24,Clouds,Clouds,Clouds,"""2023-05-09T06:00:00.000Z""","""2023-05-09T15:00:00.000Z""","""2023-05-10T06:00:00.000Z""","""2023-05-09T05:53:07.000Z"""
11.27,12.48,14.79,Clouds,Clouds,Clouds,"""2023-05-09T09:00:00.000Z""","""2023-05-09T18:00:00.000Z""","""2023-05-10T09:00:00.000Z""","""2023-05-09T06:23:07.000Z"""
11.9,12.48,14.79,Clear,Clouds,Clouds,"""2023-05-09T09:00:00.000Z""","""2023-05-09T18:00:00.000Z""","""2023-05-10T09:00:00.000Z""","""2023-05-09T06:53:08.000Z"""
12.58,12.48,14.79,Clear,Clouds,Clouds,"""2023-05-09T09:00:00.000Z""","""2023-05-09T18:00:00.000Z""","""2023-05-10T09:00:00.000Z""","""2023-05-09T07:46:17.000Z"""
13.31,12.48,14.79,Clear,Clouds,Clouds,"""2023-05-09T09:00:00.000Z""","""2023-05-09T18:00:00.000Z""","""2023-05-10T09:00:00.000Z""","""2023-05-09T08:16:17.000Z"""
14.2,12.48,14.79,Clear,Clouds,Clouds,"""2023-05-09T09:00:00.000Z""","""2023-05-09T18:00:00.000Z""","""2023-05-10T09:00:00.000Z""","""2023-05-09T08:46:17.000Z"""
15.42,8.56,15.32,Clouds,Clear,Clouds,"""2023-05-09T12:00:00.000Z""","""2023-05-09T21:00:00.000Z""","""2023-05-10T12:00:00.000Z""","""2023-05-09T09:16:17.000Z"""
15.74,8.56,15.32,Clear,Clear,Clouds,"""2023-05-09T12:00:00.000Z""","""2023-05-09T21:00:00.000Z""","""2023-05-10T12:00:00.000Z""","""2023-05-09T09:46:17.000Z"""
16.1,8.56,15.32,Clear,Clear,Clouds,"""2023-05-09T12:00:00.000Z""","""2023-05-09T21:00:00.000Z""","""2023-05-10T12:00:00.000Z""","""2023-05-09T10:16:17.000Z"""
16.46,8.56,15.32,Clear,Clear,Clouds,"""2023-05-09T12:00:00.000Z""","""2023-05-09T21:00:00.000Z""","""2023-05-10T12:00:00.000Z""","""2023-05-09T10:46:17.000Z"""
17.21,8.56,15.32,Clear,Clear,Clouds,"""2023-05-09T12:00:00.000Z""","""2023-05-09T21:00:00.000Z""","""2023-05-10T12:00:00.000Z""","""2023-05-09T11:16:17.000Z"""
17.5,8.75,14.3,Clear,Clear,Clouds,"""2023-05-09T12:00:00.000Z""","""2023-05-09T21:00:00.000Z""","""2023-05-10T12:00:00.000Z""","""2023-05-09T11:46:17.000Z"""
17.6,8.6,14.84,Clouds,Clear,Clouds,"""2023-05-09T15:00:00.000Z""","""2023-05-10T00:00:00.000Z""","""2023-05-10T15:00:00.000Z""","""2023-05-09T12:16:17.000Z"""
17.84,8.6,14.84,Clear,Clear,Clouds,"""2023-05-09T15:00:00.000Z""","""2023-05-10T00:00:00.000Z""","""2023-05-10T15:00:00.000Z""","""2023-05-09T12:46:17.000Z"""
17.61,8.6,14.84,Clear,Clear,Clouds,"""2023-05-09T15:00:00.000Z""","""2023-05-10T00:00:00.000Z""","""2023-05-10T15:00:00.000Z""","""2023-05-09T13:16:17.000Z"""
17.47,8.6,14.84,Clear,Clear,Clouds,"""2023-05-09T15:00:00.000Z""","""2023-05-10T00:00:00.000Z""","""2023-05-10T15:00:00.000Z""","""2023-05-09T13:46:17.000Z"""
18.37,8.6,14.84,Clear,Clear,Clouds,"""2023-05-09T15:00:00.000Z""","""2023-05-10T00:00:00.000Z""","""2023-05-10T15:00:00.000Z""","""2023-05-09T14:16:17.000Z"""
18.31,8.6,14.84,Clear,Clear,Clouds,"""2023-05-09T15:00:00.000Z""","""2023-05-10T00:00:00.000Z""","""2023-05-10T15:00:00.000Z""","""2023-05-09T14:37:05.000Z"""
18.31,8.6,14.84,Clear,Clear,Clouds,"""2023-05-09T15:00:00.000Z""","""2023-05-10T00:00:00.000Z""","""2023-05-10T15:00:00.000Z""","""2023-05-09T14:38:59.000Z"""
16.08,7.16,12.01,Clear,Clouds,Clouds,"""2023-05-09T18:00:00.000Z""","""2023-05-10T03:00:00.000Z""","""2023-05-10T18:00:00.000Z""","""2023-05-09T15:10:07.000Z"""
15.75,7.16,12.01,Clear,Clouds,Clouds,"""2023-05-09T18:00:00.000Z""","""2023-05-10T03:00:00.000Z""","""2023-05-10T18:00:00.000Z""","""2023-05-09T15:40:07.000Z"""
15.65,7.16,12.01,Clear,Clouds,Clouds,"""2023-05-09T18:00:00.000Z""","""2023-05-10T03:00:00.000Z""","""2023-05-10T18:00:00.000Z""","""2023-05-09T15:54:46.000Z"""
15.56,7.16,12.01,Clear,Clouds,Clouds,"""2023-05-09T18:00:00.000Z""","""2023-05-10T03:00:00.000Z""","""2023-05-10T18:00:00.000Z""","""2023-05-09T16:25:53.000Z"""
17.02,7.16,12.01,Clear,Clouds,Clouds,"""2023-05-09T18:00:00.000Z""","""2023-05-10T03:00:00.000Z""","""2023-05-10T18:00:00.000Z""","""2023-05-09T16:38:56.000Z"""
17.02,7.16,12.01,Clear,Clouds,Clouds,"""2023-05-09T18:00:00.000Z""","""2023-05-10T03:00:00.000Z""","""2023-05-10T18:00:00.000Z""","""2023-05-09T16:40:12.000Z"""
16.02,7.16,12.01,Clear,Clouds,Clouds,"""2023-05-09T18:00:00.000Z""","""2023-05-10T03:00:00.000Z""","""2023-05-10T18:00:00.000Z""","""2023-05-09T17:10:33.000Z"""
16.02,7.16,12.01,Clear,Clouds,Clouds,"""2023-05-09T18:00:00.000Z""","""2023-05-10T03:00:00.000Z""","""2023-05-10T18:00:00.000Z""","""2023-05-09T17:32:30.000Z"""
16.02,7.16,12.01,Clear,Clouds,Clouds,"""2023-05-09T18:00:00.000Z""","""2023-05-10T03:00:00.000Z""","""2023-05-10T18:00:00.000Z""","""2023-05-09T17:33:47.000Z"""
16.02,7.16,12.01,Clear,Clouds,Clouds,"""2023-05-09T18:00:00.000Z""","""2023-05-10T03:00:00.000Z""","""2023-05-10T18:00:00.000Z""","""2023-05-09T17:37:26.000Z"""
16.02,7.16,12.01,Clear,Clouds,Clouds,"""2023-05-09T18:00:00.000Z""","""2023-05-10T03:00:00.000Z""","""2023-05-10T18:00:00.000Z""","""2023-05-09T17:40:31.000Z"""
12.34,10.71,9.26,Clear,Clouds,Clouds,"""2023-05-09T21:00:00.000Z""","""2023-05-10T06:00:00.000Z""","""2023-05-10T21:00:00.000Z""","""2023-05-09T18:10:31.000Z"""
11.67,10.71,9.26,Clear,Clouds,Clouds,"""2023-05-09T21:00:00.000Z""","""2023-05-10T06:00:00.000Z""","""2023-05-10T21:00:00.000Z""","""2023-05-09T18:40:31.000Z"""
11.51,10.71,9.26,Clear,Clouds,Clouds,"""2023-05-09T21:00:00.000Z""","""2023-05-10T06:00:00.000Z""","""2023-05-10T21:00:00.000Z""","""2023-05-09T19:10:31.000Z"""
11.67,10.71,9.26,Clear,Clouds,Clouds,"""2023-05-09T21:00:00.000Z""","""2023-05-10T06:00:00.000Z""","""2023-05-10T21:00:00.000Z""","""2023-05-09T19:40:31.000Z"""
11.11,10.71,9.26,Clear,Clouds,Clouds,"""2023-05-09T21:00:00.000Z""","""2023-05-10T06:00:00.000Z""","""2023-05-10T21:00:00.000Z""","""2023-05-09T20:10:31.000Z"""
10.56,10.71,9.26,Clear,Clouds,Clouds,"""2023-05-09T21:00:00.000Z""","""2023-05-10T06:00:00.000Z""","""2023-05-10T21:00:00.000Z""","""2023-05-09T20:40:31.000Z"""
10.15,15.31,8.63,Clear,Clouds,Clouds,"""2023-05-10T00:00:00.000Z""","""2023-05-10T09:00:00.000Z""","""2023-05-11T00:00:00.000Z""","""2023-05-09T21:10:31.000Z"""
9.78,15.31,8.63,Clear,Clouds,Clouds,"""2023-05-10T00:00:00.000Z""","""2023-05-10T09:00:00.000Z""","""2023-05-11T00:00:00.000Z""","""2023-05-09T21:40:31.000Z"""
9.4,15.31,8.63,Clear,Clouds,Clouds,"""2023-05-10T00:00:00.000Z""","""2023-05-10T09:00:00.000Z""","""2023-05-11T00:00:00.000Z""","""2023-05-09T22:10:31.000Z"""
8.89,15.31,8.63,Clear,Clouds,Clouds,"""2023-05-10T00:00:00.000Z""","""2023-05-10T09:00:00.000Z""","""2023-05-11T00:00:00.000Z""","""2023-05-09T22:40:31.000Z"""
8.89,15.31,8.63,Clear,Clouds,Clouds,"""2023-05-10T00:00:00.000Z""","""2023-05-10T09:00:00.000Z""","""2023-05-11T00:00:00.000Z""","""2023-05-09T23:10:31.000Z"""
8.33,15.29,8.15,Rain,Clouds,Clouds,"""2023-05-10T00:00:00.000Z""","""2023-05-10T09:00:00.000Z""","""2023-05-11T00:00:00.000Z""","""2023-05-09T23:40:31.000Z"""
8.65,15.14,7.28,Clear,Clouds,Clouds,"""2023-05-10T03:00:00.000Z""","""2023-05-10T12:00:00.000Z""","""2023-05-11T03:00:00.000Z""","""2023-05-10T00:10:31.000Z"""
8.43,15.14,7.28,Clear,Clouds,Clouds,"""2023-05-10T03:00:00.000Z""","""2023-05-10T12:00:00.000Z""","""2023-05-11T03:00:00.000Z""","""2023-05-10T00:40:31.000Z"""
8.21,15.14,7.28,Clear,Clouds,Clouds,"""2023-05-10T03:00:00.000Z""","""2023-05-10T12:00:00.000Z""","""2023-05-11T03:00:00.000Z""","""2023-05-10T01:10:31.000Z"""
8.32,15.14,7.28,Clear,Clouds,Clouds,"""2023-05-10T03:00:00.000Z""","""2023-05-10T12:00:00.000Z""","""2023-05-11T03:00:00.000Z""","""2023-05-10T01:40:31.000Z"""
8.17,15.14,7.28,Clear,Clouds,Clouds,"""2023-05-10T03:00:00.000Z""","""2023-05-10T12:00:00.000Z""","""2023-05-11T03:00:00.000Z""","""2023-05-10T02:10:31.000Z"""
8.01,15.14,7.28,Clear,Clouds,Clouds,"""2023-05-10T03:00:00.000Z""","""2023-05-10T12:00:00.000Z""","""2023-05-11T03:00:00.000Z""","""2023-05-10T02:40:31.000Z"""
8.71,15.03,11.05,Clear,Clouds,Clouds,"""2023-05-10T06:00:00.000Z""","""2023-05-10T15:00:00.000Z""","""2023-05-11T06:00:00.000Z""","""2023-05-10T03:10:31.000Z"""
8.94,15.03,11.05,Clouds,Clouds,Clouds,"""2023-05-10T06:00:00.000Z""","""2023-05-10T15:00:00.000Z""","""2023-05-11T06:00:00.000Z""","""2023-05-10T04:10:31.000Z"""
8.65,15.03,11.05,Clouds,Clouds,Clouds,"""2023-05-10T06:00:00.000Z""","""2023-05-10T15:00:00.000Z""","""2023-05-11T06:00:00.000Z""","""2023-05-10T04:40:31.000Z"""
9.94,15.03,11.05,Clear,Clouds,Clouds,"""2023-05-10T06:00:00.000Z""","""2023-05-10T15:00:00.000Z""","""2023-05-11T06:00:00.000Z""","""2023-05-10T05:10:31.000Z"""
10.88,14.58,10.81,Clear,Rain,Clouds,"""2023-05-10T06:00:00.000Z""","""2023-05-10T15:00:00.000Z""","""2023-05-11T06:00:00.000Z""","""2023-05-10T05:40:31.000Z"""
13.21,12.14,15.66,Clear,Rain,Clouds,"""2023-05-10T09:00:00.000Z""","""2023-05-10T18:00:00.000Z""","""2023-05-11T09:00:00.000Z""","""2023-05-10T06:10:31.000Z"""
14.52,12.14,15.66,Clouds,Rain,Clouds,"""2023-05-10T09:00:00.000Z""","""2023-05-10T18:00:00.000Z""","""2023-05-11T09:00:00.000Z""","""2023-05-10T07:15:08.000Z"""
15.57,12.14,15.66,Clouds,Rain,Clouds,"""2023-05-10T09:00:00.000Z""","""2023-05-10T18:00:00.000Z""","""2023-05-11T09:00:00.000Z""","""2023-05-10T08:04:25.000Z"""
16.49,9.38,18.05,Rain,Clouds,Clouds,"""2023-05-10T12:00:00.000Z""","""2023-05-10T21:00:00.000Z""","""2023-05-11T12:00:00.000Z""","""2023-05-10T09:04:42.000Z"""
17.11,9.38,18.05,Rain,Clouds,Clouds,"""2023-05-10T12:00:00.000Z""","""2023-05-10T21:00:00.000Z""","""2023-05-11T12:00:00.000Z""","""2023-05-10T10:01:11.000Z"""
18.49,9.38,18.05,Rain,Clouds,Clouds,"""2023-05-10T12:00:00.000Z""","""2023-05-10T21:00:00.000Z""","""2023-05-11T12:00:00.000Z""","""2023-05-10T10:31:11.000Z"""
18.42,9.38,18.05,Rain,Clouds,Clouds,"""2023-05-10T12:00:00.000Z""","""2023-05-10T21:00:00.000Z""","""2023-05-11T12:00:00.000Z""","""2023-05-10T10:57:23.000Z"""
18.42,9.38,18.05,Rain,Clouds,Clouds,"""2023-05-10T12:00:00.000Z""","""2023-05-10T21:00:00.000Z""","""2023-05-11T12:00:00.000Z""","""2023-05-10T10:59:53.000Z"""
18.42,9.38,18.05,Rain,Clouds,Clouds,"""2023-05-10T12:00:00.000Z""","""2023-05-10T21:00:00.000Z""","""2023-05-11T12:00:00.000Z""","""2023-05-10T11:04:46.000Z"""
18.57,9.38,18.05,Rain,Clouds,Clouds,"""2023-05-10T12:00:00.000Z""","""2023-05-10T21:00:00.000Z""","""2023-05-11T12:00:00.000Z""","""2023-05-10T11:06:51.000Z"""
18.57,9.38,18.05,Rain,Clouds,Clouds,"""2023-05-10T12:00:00.000Z""","""2023-05-10T21:00:00.000Z""","""2023-05-11T12:00:00.000Z""","""2023-05-10T11:10:23.000Z"""
18.57,9.38,18.05,Rain,Clouds,Clouds,"""2023-05-10T12:00:00.000Z""","""2023-05-10T21:00:00.000Z""","""2023-05-11T12:00:00.000Z""","""2023-05-10T11:13:33.000Z"""
18.57,9.38,18.05,Rain,Clouds,Clouds,"""2023-05-10T12:00:00.000Z""","""2023-05-10T21:00:00.000Z""","""2023-05-11T12:00:00.000Z""","""2023-05-10T11:15:08.000Z"""
18.57,9.38,18.05,Rain,Clouds,Clouds,"""2023-05-10T12:00:00.000Z""","""2023-05-10T21:00:00.000Z""","""2023-05-11T12:00:00.000Z""","""2023-05-10T11:15:57.000Z"""
18.55,9.33,18.43,Rain,Clouds,Clouds,"""2023-05-10T12:00:00.000Z""","""2023-05-10T21:00:00.000Z""","""2023-05-11T12:00:00.000Z""","""2023-05-10T11:46:58.000Z"""
17.58,8.25,15.95,Rain,Clouds,Clouds,"""2023-05-10T15:00:00.000Z""","""2023-05-11T00:00:00.000Z""","""2023-05-11T15:00:00.000Z""","""2023-05-10T12:16:58.000Z"""
18.06,8.25,15.95,Rain,Clouds,Clouds,"""2023-05-10T15:00:00.000Z""","""2023-05-11T00:00:00.000Z""","""2023-05-11T15:00:00.000Z""","""2023-05-10T12:46:58.000Z"""
18.5,8.25,15.95,Rain,Clouds,Clouds,"""2023-05-10T15:00:00.000Z""","""2023-05-11T00:00:00.000Z""","""2023-05-11T15:00:00.000Z""","""2023-05-10T13:16:58.000Z"""
19.02,8.25,15.95,Rain,Clouds,Clouds,"""2023-05-10T15:00:00.000Z""","""2023-05-11T00:00:00.000Z""","""2023-05-11T15:00:00.000Z""","""2023-05-10T13:46:58.000Z"""
19.02,8.25,15.95,Rain,Clouds,Clouds,"""2023-05-10T15:00:00.000Z""","""2023-05-11T00:00:00.000Z""","""2023-05-11T15:00:00.000Z""","""2023-05-10T14:16:58.000Z"""
19.02,8.25,15.95,Rain,Clouds,Clouds,"""2023-05-10T15:00:00.000Z""","""2023-05-11T00:00:00.000Z""","""2023-05-11T15:00:00.000Z""","""2023-05-10T14:46:58.000Z"""
17.14,6.86,11.15,Clouds,Clouds,Rain,"""2023-05-10T18:00:00.000Z""","""2023-05-11T03:00:00.000Z""","""2023-05-11T18:00:00.000Z""","""2023-05-10T15:16:58.000Z"""
16.7,6.86,11.15,Clouds,Clouds,Rain,"""2023-05-10T18:00:00.000Z""","""2023-05-11T03:00:00.000Z""","""2023-05-11T18:00:00.000Z""","""2023-05-10T15:46:58.000Z"""
16.7,6.86,11.15,Clouds,Clouds,Rain,"""2023-05-10T18:00:00.000Z""","""2023-05-11T03:00:00.000Z""","""2023-05-11T18:00:00.000Z""","""2023-05-10T16:16:58.000Z"""
19.02,6.86,11.15,Clear,Clouds,Rain,"""2023-05-10T18:00:00.000Z""","""2023-05-11T03:00:00.000Z""","""2023-05-11T18:00:00.000Z""","""2023-05-10T16:46:58.000Z"""
18.02,6.86,11.15,Clear,Clouds,Rain,"""2023-05-10T18:00:00.000Z""","""2023-05-11T03:00:00.000Z""","""2023-05-11T18:00:00.000Z""","""2023-05-10T17:16:58.000Z"""
17.02,8.62,10.93,Rain,Clouds,Rain,"""2023-05-10T18:00:00.000Z""","""2023-05-11T03:00:00.000Z""","""2023-05-11T18:00:00.000Z""","""2023-05-10T17:46:58.000Z"""
14.57,11.87,10.32,Clouds,Clouds,Rain,"""2023-05-10T21:00:00.000Z""","""2023-05-11T06:00:00.000Z""","""2023-05-11T21:00:00.000Z""","""2023-05-10T18:16:58.000Z"""
13.9,11.87,10.32,Clouds,Clouds,Rain,"""2023-05-10T21:00:00.000Z""","""2023-05-11T06:00:00.000Z""","""2023-05-11T21:00:00.000Z""","""2023-05-10T18:46:58.000Z"""
12.48,11.87,10.32,Clouds,Clouds,Rain,"""2023-05-10T21:00:00.000Z""","""2023-05-11T06:00:00.000Z""","""2023-05-11T21:00:00.000Z""","""2023-05-10T19:16:58.000Z"""
12.78,11.87,10.32,Clear,Clouds,Rain,"""2023-05-10T21:00:00.000Z""","""2023-05-11T06:00:00.000Z""","""2023-05-11T21:00:00.000Z""","""2023-05-10T19:46:58.000Z"""
12.22,11.87,10.32,Clear,Clouds,Rain,"""2023-05-10T21:00:00.000Z""","""2023-05-11T06:00:00.000Z""","""2023-05-11T21:00:00.000Z""","""2023-05-10T20:16:58.000Z"""
11.67,11.87,10.32,Clear,Clouds,Rain,"""2023-05-10T21:00:00.000Z""","""2023-05-11T06:00:00.000Z""","""2023-05-11T21:00:00.000Z""","""2023-05-10T20:46:58.000Z"""
10.63,15.71,9.96,Clouds,Clouds,Rain,"""2023-05-11T00:00:00.000Z""","""2023-05-11T09:00:00.000Z""","""2023-05-12T00:00:00.000Z""","""2023-05-10T21:16:58.000Z"""
10.26,15.71,9.96,Clouds,Clouds,Rain,"""2023-05-11T00:00:00.000Z""","""2023-05-11T09:00:00.000Z""","""2023-05-12T00:00:00.000Z""","""2023-05-10T21:46:58.000Z"""
10.63,15.71,9.96,Clouds,Clouds,Rain,"""2023-05-11T00:00:00.000Z""","""2023-05-11T09:00:00.000Z""","""2023-05-12T00:00:00.000Z""","""2023-05-10T22:16:58.000Z"""
11.11,15.71,9.96,Clear,Clouds,Rain,"""2023-05-11T00:00:00.000Z""","""2023-05-11T09:00:00.000Z""","""2023-05-12T00:00:00.000Z""","""2023-05-10T22:46:58.000Z"""
11.11,15.71,9.96,Clear,Clouds,Rain,"""2023-05-11T00:00:00.000Z""","""2023-05-11T09:00:00.000Z""","""2023-05-12T00:00:00.000Z""","""2023-05-10T23:16:58.000Z"""
11.11,15.47,10.17,Clear,Clouds,Rain,"""2023-05-11T00:00:00.000Z""","""2023-05-11T09:00:00.000Z""","""2023-05-12T00:00:00.000Z""","""2023-05-10T23:46:58.000Z"""
10.68,18.21,10.19,Clouds,Clouds,Rain,"""2023-05-11T03:00:00.000Z""","""2023-05-11T12:00:00.000Z""","""2023-05-12T03:00:00.000Z""","""2023-05-11T00:16:58.000Z"""
10.68,18.21,10.19,Clouds,Clouds,Rain,"""2023-05-11T03:00:00.000Z""","""2023-05-11T12:00:00.000Z""","""2023-05-12T03:00:00.000Z""","""2023-05-11T00:46:58.000Z"""
10.68,18.21,10.19,Clouds,Clouds,Rain,"""2023-05-11T03:00:00.000Z""","""2023-05-11T12:00:00.000Z""","""2023-05-12T03:00:00.000Z""","""2023-05-11T01:16:58.000Z"""
10.56,18.21,10.19,Clear,Clouds,Rain,"""2023-05-11T03:00:00.000Z""","""2023-05-11T12:00:00.000Z""","""2023-05-12T03:00:00.000Z""","""2023-05-11T01:46:58.000Z"""
10.75,18.21,10.19,Clear,Clouds,Rain,"""2023-05-11T03:00:00.000Z""","""2023-05-11T12:00:00.000Z""","""2023-05-12T03:00:00.000Z""","""2023-05-11T02:16:58.000Z"""
10.45,18.21,10.19,Clear,Clouds,Rain,"""2023-05-11T03:00:00.000Z""","""2023-05-11T12:00:00.000Z""","""2023-05-12T03:00:00.000Z""","""2023-05-11T02:46:58.000Z"""
10.4,17.07,10.31,Clouds,Clouds,Rain,"""2023-05-11T06:00:00.000Z""","""2023-05-11T15:00:00.000Z""","""2023-05-12T06:00:00.000Z""","""2023-05-11T03:16:58.000Z"""
10.03,17.07,10.31,Clouds,Clouds,Rain,"""2023-05-11T06:00:00.000Z""","""2023-05-11T15:00:00.000Z""","""2023-05-12T06:00:00.000Z""","""2023-05-11T03:46:58.000Z"""
10.1,17.07,10.31,Clouds,Clouds,Rain,"""2023-05-11T06:00:00.000Z""","""2023-05-11T15:00:00.000Z""","""2023-05-12T06:00:00.000Z""","""2023-05-11T04:16:58.000Z"""
11.36,17.07,10.31,Clear,Clouds,Rain,"""2023-05-11T06:00:00.000Z""","""2023-05-11T15:00:00.000Z""","""2023-05-12T06:00:00.000Z""","""2023-05-11T04:46:58.000Z"""
12.6,17.07,10.31,Clear,Clouds,Rain,"""2023-05-11T06:00:00.000Z""","""2023-05-11T15:00:00.000Z""","""2023-05-12T06:00:00.000Z""","""2023-05-11T05:16:58.000Z"""
13.45,17.36,10.37,Clear,Clouds,Rain,"""2023-05-11T06:00:00.000Z""","""2023-05-11T15:00:00.000Z""","""2023-05-12T06:00:00.000Z""","""2023-05-11T05:46:58.000Z"""
14.05,11.95,10.13,Clouds,Rain,Rain,"""2023-05-11T09:00:00.000Z""","""2023-05-11T18:00:00.000Z""","""2023-05-12T09:00:00.000Z""","""2023-05-11T06:16:58.000Z"""
14.71,11.95,10.13,Clouds,Rain,Rain,"""2023-05-11T09:00:00.000Z""","""2023-05-11T18:00:00.000Z""","""2023-05-12T09:00:00.000Z""","""2023-05-11T06:46:58.000Z"""
15.01,11.95,10.13,Clouds,Rain,Rain,"""2023-05-11T09:00:00.000Z""","""2023-05-11T18:00:00.000Z""","""2023-05-12T09:00:00.000Z""","""2023-05-11T07:16:58.000Z"""
16.54,11.95,10.13,Clear,Rain,Rain,"""2023-05-11T09:00:00.000Z""","""2023-05-11T18:00:00.000Z""","""2023-05-12T09:00:00.000Z""","""2023-05-11T07:46:58.000Z"""
16.02,11.95,10.13,Clouds,Rain,Rain,"""2023-05-11T09:00:00.000Z""","""2023-05-11T18:00:00.000Z""","""2023-05-12T09:00:00.000Z""","""2023-05-11T08:16:58.000Z"""
17.37,11.95,10.13,Clouds,Rain,Rain,"""2023-05-11T09:00:00.000Z""","""2023-05-11T18:00:00.000Z""","""2023-05-12T09:00:00.000Z""","""2023-05-11T08:46:58.000Z"""
17.27,10.51,10.4,Clouds,Rain,Rain,"""2023-05-11T12:00:00.000Z""","""2023-05-11T21:00:00.000Z""","""2023-05-12T12:00:00.000Z""","""2023-05-11T09:16:58.000Z"""
18.22,10.51,10.4,Clouds,Rain,Rain,"""2023-05-11T12:00:00.000Z""","""2023-05-11T21:00:00.000Z""","""2023-05-12T12:00:00.000Z""","""2023-05-11T09:46:58.000Z"""
18.22,10.51,10.4,Clouds,Rain,Rain,"""2023-05-11T12:00:00.000Z""","""2023-05-11T21:00:00.000Z""","""2023-05-12T12:00:00.000Z""","""2023-05-11T10:16:58.000Z"""
18.81,10.51,10.4,Clear,Rain,Rain,"""2023-05-11T12:00:00.000Z""","""2023-05-11T21:00:00.000Z""","""2023-05-12T12:00:00.000Z""","""2023-05-11T10:46:58.000Z"""
19.55,10.51,10.4,Clear,Rain,Rain,"""2023-05-11T12:00:00.000Z""","""2023-05-11T21:00:00.000Z""","""2023-05-12T12:00:00.000Z""","""2023-05-11T11:16:58.000Z"""
19.75,10.57,10.61,Clear,Rain,Rain,"""2023-05-11T12:00:00.000Z""","""2023-05-11T21:00:00.000Z""","""2023-05-12T12:00:00.000Z""","""2023-05-11T11:46:58.000Z"""
18.78,9.98,10.5,Clouds,Rain,Rain,"""2023-05-11T15:00:00.000Z""","""2023-05-12T00:00:00.000Z""","""2023-05-12T15:00:00.000Z""","""2023-05-11T12:16:58.000Z"""
18.86,9.98,10.5,Clouds,Rain,Rain,"""2023-05-11T15:00:00.000Z""","""2023-05-12T00:00:00.000Z""","""2023-05-12T15:00:00.000Z""","""2023-05-11T12:46:58.000Z"""
18.8,9.98,10.5,Clouds,Rain,Rain,"""2023-05-11T15:00:00.000Z""","""2023-05-12T00:00:00.000Z""","""2023-05-12T15:00:00.000Z""","""2023-05-11T13:16:58.000Z"""
19.97,9.98,10.5,Clear,Rain,Rain,"""2023-05-11T15:00:00.000Z""","""2023-05-12T00:00:00.000Z""","""2023-05-12T15:00:00.000Z""","""2023-05-11T13:46:58.000Z"""
19.75,9.98,10.5,Clear,Rain,Rain,"""2023-05-11T15:00:00.000Z""","""2023-05-12T00:00:00.000Z""","""2023-05-12T15:00:00.000Z""","""2023-05-11T14:16:58.000Z"""
19.16,9.98,10.5,Clear,Rain,Rain,"""2023-05-11T15:00:00.000Z""","""2023-05-12T00:00:00.000Z""","""2023-05-12T15:00:00.000Z""","""2023-05-11T14:46:58.000Z"""
17.65,10.13,10.22,Rain,Rain,Clouds,"""2023-05-11T18:00:00.000Z""","""2023-05-12T03:00:00.000Z""","""2023-05-12T18:00:00.000Z""","""2023-05-11T15:16:58.000Z"""
17.64,10.13,10.22,Rain,Rain,Clouds,"""2023-05-11T18:00:00.000Z""","""2023-05-12T03:00:00.000Z""","""2023-05-12T18:00:00.000Z""","""2023-05-11T15:46:58.000Z"""
16.98,10.13,10.22,Rain,Rain,Clouds,"""2023-05-11T18:00:00.000Z""","""2023-05-12T03:00:00.000Z""","""2023-05-12T18:00:00.000Z""","""2023-05-11T16:16:58.000Z"""
19.02,10.13,10.22,Rain,Rain,Clouds,"""2023-05-11T18:00:00.000Z""","""2023-05-12T03:00:00.000Z""","""2023-05-12T18:00:00.000Z""","""2023-05-11T16:46:58.000Z"""
19.02,10.13,10.22,Rain,Rain,Clouds,"""2023-05-11T18:00:00.000Z""","""2023-05-12T03:00:00.000Z""","""2023-05-12T18:00:00.000Z""","""2023-05-11T17:16:58.000Z"""
18.02,9.87,10.08,Rain,Rain,Clouds,"""2023-05-11T18:00:00.000Z""","""2023-05-12T03:00:00.000Z""","""2023-05-12T18:00:00.000Z""","""2023-05-11T17:46:58.000Z"""
15.6,10.26,9.5,Rain,Rain,Clouds,"""2023-05-11T21:00:00.000Z""","""2023-05-12T06:00:00.000Z""","""2023-05-12T21:00:00.000Z""","""2023-05-11T18:16:58.000Z"""
15.6,10.26,9.5,Rain,Rain,Clouds,"""2023-05-11T21:00:00.000Z""","""2023-05-12T06:00:00.000Z""","""2023-05-12T21:00:00.000Z""","""2023-05-11T18:46:58.000Z"""
14.26,10.26,9.5,Rain,Rain,Clouds,"""2023-05-11T21:00:00.000Z""","""2023-05-12T06:00:00.000Z""","""2023-05-12T21:00:00.000Z""","""2023-05-11T19:16:58.000Z"""
15.02,10.26,9.5,Rain,Rain,Clouds,"""2023-05-11T21:00:00.000Z""","""2023-05-12T06:00:00.000Z""","""2023-05-12T21:00:00.000Z""","""2023-05-11T19:46:58.000Z"""
13.46,10.26,9.5,Rain,Rain,Clouds,"""2023-05-11T21:00:00.000Z""","""2023-05-12T06:00:00.000Z""","""2023-05-12T21:00:00.000Z""","""2023-05-11T20:42:53.000Z"""
12.01,10.24,9.14,Rain,Rain,Clouds,"""2023-05-12T00:00:00.000Z""","""2023-05-12T09:00:00.000Z""","""2023-05-13T00:00:00.000Z""","""2023-05-11T21:12:53.000Z"""
11.66,10.24,9.14,Rain,Rain,Clouds,"""2023-05-12T00:00:00.000Z""","""2023-05-12T09:00:00.000Z""","""2023-05-13T00:00:00.000Z""","""2023-05-11T21:42:53.000Z"""
11.36,10.24,9.14,Rain,Rain,Clouds,"""2023-05-12T00:00:00.000Z""","""2023-05-12T09:00:00.000Z""","""2023-05-13T00:00:00.000Z""","""2023-05-11T22:12:53.000Z"""
11.62,10.24,9.14,Rain,Rain,Clouds,"""2023-05-12T00:00:00.000Z""","""2023-05-12T09:00:00.000Z""","""2023-05-13T00:00:00.000Z""","""2023-05-11T22:42:53.000Z"""
11.62,10.24,9.14,Rain,Rain,Clouds,"""2023-05-12T00:00:00.000Z""","""2023-05-12T09:00:00.000Z""","""2023-05-13T00:00:00.000Z""","""2023-05-11T23:12:53.000Z"""
11.28,10.19,9.18,Rain,Rain,Rain,"""2023-05-12T00:00:00.000Z""","""2023-05-12T09:00:00.000Z""","""2023-05-13T00:00:00.000Z""","""2023-05-11T23:42:53.000Z"""
10.84,10.38,9.14,Rain,Rain,Rain,"""2023-05-12T03:00:00.000Z""","""2023-05-12T12:00:00.000Z""","""2023-05-13T03:00:00.000Z""","""2023-05-12T00:12:53.000Z"""
10.78,10.38,9.14,Rain,Rain,Rain,"""2023-05-12T03:00:00.000Z""","""2023-05-12T12:00:00.000Z""","""2023-05-13T03:00:00.000Z""","""2023-05-12T00:42:53.000Z"""
10.58,10.38,9.14,Rain,Rain,Rain,"""2023-05-12T03:00:00.000Z""","""2023-05-12T12:00:00.000Z""","""2023-05-13T03:00:00.000Z""","""2023-05-12T01:12:53.000Z"""
11,10.38,9.14,Rain,Rain,Rain,"""2023-05-12T03:00:00.000Z""","""2023-05-12T12:00:00.000Z""","""2023-05-13T03:00:00.000Z""","""2023-05-12T01:42:53.000Z"""
11.23,10.38,9.14,Rain,Rain,Rain,"""2023-05-12T03:00:00.000Z""","""2023-05-12T12:00:00.000Z""","""2023-05-13T03:00:00.000Z""","""2023-05-12T02:12:53.000Z"""
10.84,10.38,9.14,Rain,Rain,Rain,"""2023-05-12T03:00:00.000Z""","""2023-05-12T12:00:00.000Z""","""2023-05-13T03:00:00.000Z""","""2023-05-12T02:42:53.000Z"""
10.63,11.26,9.13,Rain,Rain,Rain,"""2023-05-12T06:00:00.000Z""","""2023-05-12T15:00:00.000Z""","""2023-05-13T06:00:00.000Z""","""2023-05-12T03:12:53.000Z"""
10.59,11.26,9.13,Rain,Rain,Rain,"""2023-05-12T06:00:00.000Z""","""2023-05-12T15:00:00.000Z""","""2023-05-13T06:00:00.000Z""","""2023-05-12T03:42:53.000Z"""
10.63,11.26,9.13,Rain,Rain,Rain,"""2023-05-12T06:00:00.000Z""","""2023-05-12T15:00:00.000Z""","""2023-05-13T06:00:00.000Z""","""2023-05-12T04:12:53.000Z"""
10.84,11.26,9.13,Rain,Rain,Rain,"""2023-05-12T06:00:00.000Z""","""2023-05-12T15:00:00.000Z""","""2023-05-13T06:00:00.000Z""","""2023-05-12T04:42:53.000Z"""
10.67,11.26,9.13,Rain,Rain,Rain,"""2023-05-12T06:00:00.000Z""","""2023-05-12T15:00:00.000Z""","""2023-05-13T06:00:00.000Z""","""2023-05-12T05:12:53.000Z"""
10.94,10.77,8.87,Rain,Rain,Rain,"""2023-05-12T06:00:00.000Z""","""2023-05-12T15:00:00.000Z""","""2023-05-13T06:00:00.000Z""","""2023-05-12T05:42:53.000Z"""
10.92,9.84,10.7,Rain,Clouds,Rain,"""2023-05-12T09:00:00.000Z""","""2023-05-12T18:00:00.000Z""","""2023-05-13T09:00:00.000Z""","""2023-05-12T06:12:53.000Z"""
10.97,9.84,10.7,Rain,Clouds,Rain,"""2023-05-12T09:00:00.000Z""","""2023-05-12T18:00:00.000Z""","""2023-05-13T09:00:00.000Z""","""2023-05-12T06:42:53.000Z"""
10.97,9.84,10.7,Rain,Clouds,Rain,"""2023-05-12T09:00:00.000Z""","""2023-05-12T18:00:00.000Z""","""2023-05-13T09:00:00.000Z""","""2023-05-12T07:12:53.000Z"""
11.87,9.84,10.7,Rain,Clouds,Rain,"""2023-05-12T09:00:00.000Z""","""2023-05-12T18:00:00.000Z""","""2023-05-13T09:00:00.000Z""","""2023-05-12T07:42:53.000Z"""
11.73,9.84,10.7,Rain,Clouds,Rain,"""2023-05-12T09:00:00.000Z""","""2023-05-12T18:00:00.000Z""","""2023-05-13T09:00:00.000Z""","""2023-05-12T08:12:53.000Z"""
11.73,9.84,10.7,Rain,Clouds,Rain,"""2023-05-12T09:00:00.000Z""","""2023-05-12T18:00:00.000Z""","""2023-05-13T09:00:00.000Z""","""2023-05-12T08:42:53.000Z"""
11.41,9.29,11.16,Rain,Rain,Rain,"""2023-05-12T12:00:00.000Z""","""2023-05-12T21:00:00.000Z""","""2023-05-13T12:00:00.000Z""","""2023-05-12T09:12:53.000Z"""
11.19,9.29,11.16,Rain,Rain,Rain,"""2023-05-12T12:00:00.000Z""","""2023-05-12T21:00:00.000Z""","""2023-05-13T12:00:00.000Z""","""2023-05-12T09:42:53.000Z"""
11.19,9.29,11.16,Rain,Rain,Rain,"""2023-05-12T12:00:00.000Z""","""2023-05-12T21:00:00.000Z""","""2023-05-13T12:00:00.000Z""","""2023-05-12T10:12:53.000Z"""
11.73,9.29,11.16,Rain,Rain,Rain,"""2023-05-12T12:00:00.000Z""","""2023-05-12T21:00:00.000Z""","""2023-05-13T12:00:00.000Z""","""2023-05-12T10:42:53.000Z"""
11.62,9.29,11.16,Rain,Rain,Rain,"""2023-05-12T12:00:00.000Z""","""2023-05-12T21:00:00.000Z""","""2023-05-13T12:00:00.000Z""","""2023-05-12T11:12:53.000Z"""
11.47,9.64,11.58,Rain,Rain,Rain,"""2023-05-12T12:00:00.000Z""","""2023-05-12T21:00:00.000Z""","""2023-05-13T12:00:00.000Z""","""2023-05-12T11:42:53.000Z"""
10.98,9.38,11.37,Rain,Clouds,Clouds,"""2023-05-12T15:00:00.000Z""","""2023-05-13T00:00:00.000Z""","""2023-05-13T15:00:00.000Z""","""2023-05-12T12:12:53.000Z"""
10.93,9.38,11.37,Rain,Clouds,Clouds,"""2023-05-12T15:00:00.000Z""","""2023-05-13T00:00:00.000Z""","""2023-05-13T15:00:00.000Z""","""2023-05-12T12:42:53.000Z"""
11,9.38,11.37,Rain,Clouds,Clouds,"""2023-05-12T15:00:00.000Z""","""2023-05-13T00:00:00.000Z""","""2023-05-13T15:00:00.000Z""","""2023-05-12T13:12:53.000Z"""
11.8,9.38,11.37,Rain,Clouds,Clouds,"""2023-05-12T15:00:00.000Z""","""2023-05-13T00:00:00.000Z""","""2023-05-13T15:00:00.000Z""","""2023-05-12T13:42:53.000Z"""
11.87,9.38,11.37,Rain,Clouds,Clouds,"""2023-05-12T15:00:00.000Z""","""2023-05-13T00:00:00.000Z""","""2023-05-13T15:00:00.000Z""","""2023-05-12T14:12:53.000Z"""
11.77,9.38,11.37,Rain,Clouds,Clouds,"""2023-05-12T15:00:00.000Z""","""2023-05-13T00:00:00.000Z""","""2023-05-13T15:00:00.000Z""","""2023-05-12T14:42:53.000Z"""
10.83,9.31,10.42,Clouds,Clouds,Clouds,"""2023-05-12T18:00:00.000Z""","""2023-05-13T03:00:00.000Z""","""2023-05-13T18:00:00.000Z""","""2023-05-12T15:12:53.000Z"""
10.52,9.31,10.42,Clouds,Clouds,Clouds,"""2023-05-12T18:00:00.000Z""","""2023-05-13T03:00:00.000Z""","""2023-05-13T18:00:00.000Z""","""2023-05-12T15:42:53.000Z"""
10.47,9.31,10.42,Clouds,Clouds,Clouds,"""2023-05-12T18:00:00.000Z""","""2023-05-13T03:00:00.000Z""","""2023-05-13T18:00:00.000Z""","""2023-05-12T16:12:54.000Z"""
10.84,9.31,10.42,Clouds,Clouds,Clouds,"""2023-05-12T18:00:00.000Z""","""2023-05-13T03:00:00.000Z""","""2023-05-13T18:00:00.000Z""","""2023-05-12T16:42:53.000Z"""
10.78,9.31,10.42,Clouds,Clouds,Clouds,"""2023-05-12T18:00:00.000Z""","""2023-05-13T03:00:00.000Z""","""2023-05-13T18:00:00.000Z""","""2023-05-12T17:12:53.000Z"""
10.78,9.35,10.33,Rain,Clouds,Clouds,"""2023-05-12T18:00:00.000Z""","""2023-05-13T03:00:00.000Z""","""2023-05-13T18:00:00.000Z""","""2023-05-12T17:42:53.000Z"""
10.17,8.7,10.34,Rain,Clouds,Clouds,"""2023-05-12T21:00:00.000Z""","""2023-05-13T06:00:00.000Z""","""2023-05-13T21:00:00.000Z""","""2023-05-12T18:12:53.000Z"""
10.05,8.7,10.34,Rain,Clouds,Clouds,"""2023-05-12T21:00:00.000Z""","""2023-05-13T06:00:00.000Z""","""2023-05-13T21:00:00.000Z""","""2023-05-12T18:42:53.000Z"""
10.14,8.7,10.34,Rain,Clouds,Clouds,"""2023-05-12T21:00:00.000Z""","""2023-05-13T06:00:00.000Z""","""2023-05-13T21:00:00.000Z""","""2023-05-12T19:12:53.000Z"""
10.3,8.7,10.34,Rain,Clouds,Clouds,"""2023-05-12T21:00:00.000Z""","""2023-05-13T06:00:00.000Z""","""2023-05-13T21:00:00.000Z""","""2023-05-12T19:42:54.000Z"""
10.24,8.7,10.34,Rain,Clouds,Clouds,"""2023-05-12T21:00:00.000Z""","""2023-05-13T06:00:00.000Z""","""2023-05-13T21:00:00.000Z""","""2023-05-12T20:12:54.000Z"""
10.24,8.7,10.34,Rain,Clouds,Clouds,"""2023-05-12T21:00:00.000Z""","""2023-05-13T06:00:00.000Z""","""2023-05-13T21:00:00.000Z""","""2023-05-12T20:42:54.000Z"""
9.96,10.37,8.38,Rain,Clouds,Clouds,"""2023-05-13T00:00:00.000Z""","""2023-05-13T09:00:00.000Z""","""2023-05-14T00:00:00.000Z""","""2023-05-12T21:12:54.000Z"""
10.02,10.37,8.38,Rain,Clouds,Clouds,"""2023-05-13T00:00:00.000Z""","""2023-05-13T09:00:00.000Z""","""2023-05-14T00:00:00.000Z""","""2023-05-12T21:42:54.000Z"""
9.94,10.37,8.38,Rain,Clouds,Clouds,"""2023-05-13T00:00:00.000Z""","""2023-05-13T09:00:00.000Z""","""2023-05-14T00:00:00.000Z""","""2023-05-12T22:12:54.000Z"""
10.22,10.37,8.38,Rain,Clouds,Clouds,"""2023-05-13T00:00:00.000Z""","""2023-05-13T09:00:00.000Z""","""2023-05-14T00:00:00.000Z""","""2023-05-12T22:42:54.000Z"""
10.17,10.37,8.38,Rain,Clouds,Clouds,"""2023-05-13T00:00:00.000Z""","""2023-05-13T09:00:00.000Z""","""2023-05-14T00:00:00.000Z""","""2023-05-12T23:12:54.000Z"""
10.17,10.53,6.62,Rain,Clouds,Clouds,"""2023-05-13T00:00:00.000Z""","""2023-05-13T09:00:00.000Z""","""2023-05-14T00:00:00.000Z""","""2023-05-12T23:42:54.000Z"""
9.78,12.17,6.12,Clouds,Rain,Clouds,"""2023-05-13T03:00:00.000Z""","""2023-05-13T12:00:00.000Z""","""2023-05-14T03:00:00.000Z""","""2023-05-13T00:12:54.000Z"""
9.74,12.17,6.12,Clouds,Rain,Clouds,"""2023-05-13T03:00:00.000Z""","""2023-05-13T12:00:00.000Z""","""2023-05-14T03:00:00.000Z""","""2023-05-13T00:42:54.000Z"""
9.78,12.17,6.12,Clouds,Rain,Clouds,"""2023-05-13T03:00:00.000Z""","""2023-05-13T12:00:00.000Z""","""2023-05-14T03:00:00.000Z""","""2023-05-13T01:12:54.000Z"""
10.21,12.17,6.12,Clouds,Rain,Clouds,"""2023-05-13T03:00:00.000Z""","""2023-05-13T12:00:00.000Z""","""2023-05-14T03:00:00.000Z""","""2023-05-13T01:42:54.000Z"""
10.21,12.17,6.12,Clouds,Rain,Clouds,"""2023-05-13T03:00:00.000Z""","""2023-05-13T12:00:00.000Z""","""2023-05-14T03:00:00.000Z""","""2023-05-13T02:12:55.000Z"""
10.21,12.17,6.12,Clouds,Rain,Clouds,"""2023-05-13T03:00:00.000Z""","""2023-05-13T12:00:00.000Z""","""2023-05-14T03:00:00.000Z""","""2023-05-13T02:42:54.000Z"""
9.69,12.97,8.83,Clouds,Rain,Clouds,"""2023-05-13T06:00:00.000Z""","""2023-05-13T15:00:00.000Z""","""2023-05-14T06:00:00.000Z""","""2023-05-13T03:12:54.000Z"""
9.69,12.97,8.83,Clouds,Rain,Clouds,"""2023-05-13T06:00:00.000Z""","""2023-05-13T15:00:00.000Z""","""2023-05-14T06:00:00.000Z""","""2023-05-13T03:42:54.000Z"""
9.62,12.97,8.83,Clouds,Rain,Clouds,"""2023-05-13T06:00:00.000Z""","""2023-05-13T15:00:00.000Z""","""2023-05-14T06:00:00.000Z""","""2023-05-13T04:12:54.000Z"""
10.3,12.97,8.83,Clouds,Rain,Clouds,"""2023-05-13T06:00:00.000Z""","""2023-05-13T15:00:00.000Z""","""2023-05-14T06:00:00.000Z""","""2023-05-13T04:42:54.000Z"""
10.64,12.97,8.83,Clouds,Rain,Clouds,"""2023-05-13T06:00:00.000Z""","""2023-05-13T15:00:00.000Z""","""2023-05-14T06:00:00.000Z""","""2023-05-13T05:12:54.000Z"""
10.75,14.37,9.97,Clouds,Rain,Clouds,"""2023-05-13T06:00:00.000Z""","""2023-05-13T15:00:00.000Z""","""2023-05-14T06:00:00.000Z""","""2023-05-13T05:42:54.000Z"""
11.44,12.1,11.13,Rain,Rain,Rain,"""2023-05-13T09:00:00.000Z""","""2023-05-13T18:00:00.000Z""","""2023-05-14T09:00:00.000Z""","""2023-05-13T06:12:54.000Z"""
11.54,12.1,11.13,Rain,Rain,Rain,"""2023-05-13T09:00:00.000Z""","""2023-05-13T18:00:00.000Z""","""2023-05-14T09:00:00.000Z""","""2023-05-13T06:42:54.000Z"""
11.62,12.1,11.13,Rain,Rain,Rain,"""2023-05-13T09:00:00.000Z""","""2023-05-13T18:00:00.000Z""","""2023-05-14T09:00:00.000Z""","""2023-05-13T07:12:55.000Z"""
11.37,12.1,11.13,Rain,Rain,Rain,"""2023-05-13T09:00:00.000Z""","""2023-05-13T18:00:00.000Z""","""2023-05-14T09:00:00.000Z""","""2023-05-13T07:42:54.000Z"""
11.34,12.1,11.13,Rain,Rain,Rain,"""2023-05-13T09:00:00.000Z""","""2023-05-13T18:00:00.000Z""","""2023-05-14T09:00:00.000Z""","""2023-05-13T08:12:54.000Z"""
12.1,12.1,11.13,Rain,Rain,Rain,"""2023-05-13T09:00:00.000Z""","""2023-05-13T18:00:00.000Z""","""2023-05-14T09:00:00.000Z""","""2023-05-13T08:42:54.000Z"""
12.83,10.81,10.99,Rain,Clouds,Rain,"""2023-05-13T12:00:00.000Z""","""2023-05-13T21:00:00.000Z""","""2023-05-14T12:00:00.000Z""","""2023-05-13T09:12:54.000Z"""
13.05,10.81,10.99,Rain,Clouds,Rain,"""2023-05-13T12:00:00.000Z""","""2023-05-13T21:00:00.000Z""","""2023-05-14T12:00:00.000Z""","""2023-05-13T09:42:54.000Z"""
13.17,10.81,10.99,Rain,Clouds,Rain,"""2023-05-13T12:00:00.000Z""","""2023-05-13T21:00:00.000Z""","""2023-05-14T12:00:00.000Z""","""2023-05-13T10:12:54.000Z"""
12.91,10.81,10.99,Rain,Clouds,Rain,"""2023-05-13T12:00:00.000Z""","""2023-05-13T21:00:00.000Z""","""2023-05-14T12:00:00.000Z""","""2023-05-13T10:42:54.000Z"""
13.09,10.81,10.99,Rain,Clouds,Rain,"""2023-05-13T12:00:00.000Z""","""2023-05-13T21:00:00.000Z""","""2023-05-14T12:00:00.000Z""","""2023-05-13T11:12:55.000Z"""
13.05,11.07,11.47,Rain,Clouds,Rain,"""2023-05-13T12:00:00.000Z""","""2023-05-13T21:00:00.000Z""","""2023-05-14T12:00:00.000Z""","""2023-05-13T11:42:56.000Z"""
13.43,8.49,11.57,Rain,Clouds,Rain,"""2023-05-13T15:00:00.000Z""","""2023-05-14T00:00:00.000Z""","""2023-05-14T15:00:00.000Z""","""2023-05-13T12:12:54.000Z"""
13.59,8.49,11.57,Rain,Clouds,Rain,"""2023-05-13T15:00:00.000Z""","""2023-05-14T00:00:00.000Z""","""2023-05-14T15:00:00.000Z""","""2023-05-13T12:42:54.000Z"""
13.5,8.49,11.57,Rain,Clouds,Rain,"""2023-05-13T15:00:00.000Z""","""2023-05-14T00:00:00.000Z""","""2023-05-14T15:00:00.000Z""","""2023-05-13T13:12:54.000Z"""
13.52,8.49,11.57,Rain,Clouds,Rain,"""2023-05-13T15:00:00.000Z""","""2023-05-14T00:00:00.000Z""","""2023-05-14T15:00:00.000Z""","""2023-05-13T13:42:54.000Z"""
13.68,8.49,11.57,Rain,Clouds,Rain,"""2023-05-13T15:00:00.000Z""","""2023-05-14T00:00:00.000Z""","""2023-05-14T15:00:00.000Z""","""2023-05-13T14:12:54.000Z"""
13.78,8.49,11.57,Rain,Clouds,Rain,"""2023-05-13T15:00:00.000Z""","""2023-05-14T00:00:00.000Z""","""2023-05-14T15:00:00.000Z""","""2023-05-13T14:42:54.000Z"""
13.16,8.6,11.15,Clouds,Clouds,Rain,"""2023-05-13T18:00:00.000Z""","""2023-05-14T03:00:00.000Z""","""2023-05-14T18:00:00.000Z""","""2023-05-13T15:12:54.000Z"""
13.03,8.6,11.15,Clouds,Clouds,Rain,"""2023-05-13T18:00:00.000Z""","""2023-05-14T03:00:00.000Z""","""2023-05-14T18:00:00.000Z""","""2023-05-13T15:42:54.000Z"""
12.81,8.6,11.15,Clouds,Clouds,Rain,"""2023-05-13T18:00:00.000Z""","""2023-05-14T03:00:00.000Z""","""2023-05-14T18:00:00.000Z""","""2023-05-13T16:12:54.000Z"""
13.04,8.6,11.15,Clouds,Clouds,Rain,"""2023-05-13T18:00:00.000Z""","""2023-05-14T03:00:00.000Z""","""2023-05-14T18:00:00.000Z""","""2023-05-13T16:42:54.000Z"""
12.99,8.6,11.15,Clouds,Clouds,Rain,"""2023-05-13T18:00:00.000Z""","""2023-05-14T03:00:00.000Z""","""2023-05-14T18:00:00.000Z""","""2023-05-13T17:12:54.000Z"""
12.49,8.2,10.89,Rain,Clouds,Rain,"""2023-05-13T18:00:00.000Z""","""2023-05-14T03:00:00.000Z""","""2023-05-14T18:00:00.000Z""","""2023-05-13T17:42:54.000Z"""
11.94,8.97,10.4,Clouds,Rain,Rain,"""2023-05-13T21:00:00.000Z""","""2023-05-14T06:00:00.000Z""","""2023-05-14T21:00:00.000Z""","""2023-05-13T18:12:54.000Z"""
11.68,8.97,10.4,Clouds,Rain,Rain,"""2023-05-13T21:00:00.000Z""","""2023-05-14T06:00:00.000Z""","""2023-05-14T21:00:00.000Z""","""2023-05-13T18:42:54.000Z"""
11.62,8.97,10.4,Clouds,Rain,Rain,"""2023-05-13T21:00:00.000Z""","""2023-05-14T06:00:00.000Z""","""2023-05-14T21:00:00.000Z""","""2023-05-13T19:12:54.000Z"""
11.84,8.97,10.4,Clouds,Rain,Rain,"""2023-05-13T21:00:00.000Z""","""2023-05-14T06:00:00.000Z""","""2023-05-14T21:00:00.000Z""","""2023-05-13T19:42:54.000Z"""
11.84,8.97,10.4,Clouds,Rain,Rain,"""2023-05-13T21:00:00.000Z""","""2023-05-14T06:00:00.000Z""","""2023-05-14T21:00:00.000Z""","""2023-05-13T20:12:54.000Z"""
11.45,8.97,10.4,Clouds,Rain,Rain,"""2023-05-13T21:00:00.000Z""","""2023-05-14T06:00:00.000Z""","""2023-05-14T21:00:00.000Z""","""2023-05-13T20:42:54.000Z"""
10.93,9.56,10.34,Clouds,Rain,Rain,"""2023-05-14T00:00:00.000Z""","""2023-05-14T09:00:00.000Z""","""2023-05-15T00:00:00.000Z""","""2023-05-13T21:12:54.000Z"""
10.61,9.56,10.34,Clouds,Rain,Rain,"""2023-05-14T00:00:00.000Z""","""2023-05-14T09:00:00.000Z""","""2023-05-15T00:00:00.000Z""","""2023-05-13T21:42:54.000Z"""
10.51,9.56,10.34,Clouds,Rain,Rain,"""2023-05-14T00:00:00.000Z""","""2023-05-14T09:00:00.000Z""","""2023-05-15T00:00:00.000Z""","""2023-05-13T22:12:54.000Z"""
10.51,9.56,10.34,Clouds,Rain,Rain,"""2023-05-14T00:00:00.000Z""","""2023-05-14T09:00:00.000Z""","""2023-05-15T00:00:00.000Z""","""2023-05-13T22:42:54.000Z"""
9.97,9.56,10.34,Clouds,Rain,Rain,"""2023-05-14T00:00:00.000Z""","""2023-05-14T09:00:00.000Z""","""2023-05-15T00:00:00.000Z""","""2023-05-13T23:12:54.000Z"""
10.07,9.72,10.56,Clouds,Rain,Rain,"""2023-05-14T00:00:00.000Z""","""2023-05-14T09:00:00.000Z""","""2023-05-15T00:00:00.000Z""","""2023-05-13T23:42:54.000Z"""
9.71,10.51,9.59,Clouds,Rain,Rain,"""2023-05-14T03:00:00.000Z""","""2023-05-14T12:00:00.000Z""","""2023-05-15T03:00:00.000Z""","""2023-05-14T00:12:54.000Z"""
9.71,10.51,9.59,Clouds,Rain,Rain,"""2023-05-14T03:00:00.000Z""","""2023-05-14T12:00:00.000Z""","""2023-05-15T03:00:00.000Z""","""2023-05-14T00:42:54.000Z"""
9.55,10.51,9.59,Clouds,Rain,Rain,"""2023-05-14T03:00:00.000Z""","""2023-05-14T12:00:00.000Z""","""2023-05-15T03:00:00.000Z""","""2023-05-14T01:12:54.000Z"""
10.07,10.51,9.59,Clouds,Rain,Rain,"""2023-05-14T03:00:00.000Z""","""2023-05-14T12:00:00.000Z""","""2023-05-15T03:00:00.000Z""","""2023-05-14T01:42:54.000Z"""
10.25,10.51,9.59,Clouds,Rain,Rain,"""2023-05-14T03:00:00.000Z""","""2023-05-14T12:00:00.000Z""","""2023-05-15T03:00:00.000Z""","""2023-05-14T02:12:54.000Z"""
10.32,10.51,9.59,Clouds,Rain,Rain,"""2023-05-14T03:00:00.000Z""","""2023-05-14T12:00:00.000Z""","""2023-05-15T03:00:00.000Z""","""2023-05-14T02:42:54.000Z"""
9.91,11.01,10.06,Rain,Rain,Rain,"""2023-05-14T06:00:00.000Z""","""2023-05-14T15:00:00.000Z""","""2023-05-15T06:00:00.000Z""","""2023-05-14T03:12:55.000Z"""
9.91,11.01,10.06,Rain,Rain,Rain,"""2023-05-14T06:00:00.000Z""","""2023-05-14T15:00:00.000Z""","""2023-05-15T06:00:00.000Z""","""2023-05-14T03:42:55.000Z"""
9.82,11.01,10.06,Rain,Rain,Rain,"""2023-05-14T06:00:00.000Z""","""2023-05-14T15:00:00.000Z""","""2023-05-15T06:00:00.000Z""","""2023-05-14T04:12:54.000Z"""
9.97,11.01,10.06,Rain,Rain,Rain,"""2023-05-14T06:00:00.000Z""","""2023-05-14T15:00:00.000Z""","""2023-05-15T06:00:00.000Z""","""2023-05-14T04:42:55.000Z"""
9.97,11.01,10.06,Rain,Rain,Rain,"""2023-05-14T06:00:00.000Z""","""2023-05-14T15:00:00.000Z""","""2023-05-15T06:00:00.000Z""","""2023-05-14T05:12:55.000Z"""
10.05,11.2,9.98,Rain,Rain,Rain,"""2023-05-14T06:00:00.000Z""","""2023-05-14T15:00:00.000Z""","""2023-05-15T06:00:00.000Z""","""2023-05-14T05:42:54.000Z"""
10.16,10.91,12.63,Rain,Rain,Clouds,"""2023-05-14T09:00:00.000Z""","""2023-05-14T18:00:00.000Z""","""2023-05-15T09:00:00.000Z""","""2023-05-14T06:12:55.000Z"""
10.29,10.91,12.63,Rain,Rain,Clouds,"""2023-05-14T09:00:00.000Z""","""2023-05-14T18:00:00.000Z""","""2023-05-15T09:00:00.000Z""","""2023-05-14T06:42:54.000Z"""
10.44,10.91,12.63,Rain,Rain,Clouds,"""2023-05-14T09:00:00.000Z""","""2023-05-14T18:00:00.000Z""","""2023-05-15T09:00:00.000Z""","""2023-05-14T07:12:55.000Z"""
10.22,10.91,12.63,Rain,Rain,Clouds,"""2023-05-14T09:00:00.000Z""","""2023-05-14T18:00:00.000Z""","""2023-05-15T09:00:00.000Z""","""2023-05-14T07:42:55.000Z"""
10.33,10.91,12.63,Rain,Rain,Clouds,"""2023-05-14T09:00:00.000Z""","""2023-05-14T18:00:00.000Z""","""2023-05-15T09:00:00.000Z""","""2023-05-14T08:12:55.000Z"""
