feelslike,temperature,temp_min,temp_max,pressure,humidity,visibility,wind_speed,wind_direction,weather_main,weather_description,clouds,rain,sunrise,sunset,time
12.79,13.17,12.27,13.95,1022,86,10000,2.57,50,Drizzle,light intensity drizzle,20,0.27,"""2023-05-03T03:29:48.000Z""","""2023-05-03T18:05:28.000Z""","""2023-05-02T22:01:47.000Z"""
12.54,12.94,11.71,13.95,1022,86,10000,2.57,10,Drizzle,light intensity drizzle,20,0.18,"""2023-05-03T03:29:48.000Z""","""2023-05-03T18:05:28.000Z""","""2023-05-02T22:31:47.000Z"""
12.48,12.89,11.16,13.95,1022,86,10000,3.09,350,Rain,light rain,75,0.12,"""2023-05-03T03:29:48.000Z""","""2023-05-03T18:05:28.000Z""","""2023-05-02T23:01:47.000Z"""
11.84,12.24,10.6,13.39,1022,89,10000,3.09,300,Clouds,scattered clouds,40,0,"""2023-05-03T03:29:48.000Z""","""2023-05-03T18:05:28.000Z""","""2023-05-02T23:31:47.000Z"""
11.99,12.4,11.16,13.02,1022,88,10000,3.09,280,Clouds,few clouds,20,0,"""2023-05-03T03:29:48.000Z""","""2023-05-03T18:05:28.000Z""","""2023-05-03T00:01:47.000Z"""
11.75,12.18,11.93,12.28,1022,88,10000,3.6,290,Rain,light rain,20,0.12,"""2023-05-03T03:29:48.000Z""","""2023-05-03T18:05:28.000Z""","""2023-05-03T00:31:47.000Z"""
11.45,11.88,11.67,12.19,1022,89,10000,4.12,310,Rain,light rain,40,0.1,"""2023-05-03T03:29:48.000Z""","""2023-05-03T18:05:28.000Z""","""2023-05-03T01:01:47.000Z"""
11.3,11.75,11.64,12.02,1022,89,10000,4.63,310,Clouds,broken clouds,75,0,"""2023-05-03T03:29:48.000Z""","""2023-05-03T18:05:28.000Z""","""2023-05-03T01:31:47.000Z"""
11.08,11.55,10.6,12.02,1022,89,10000,4.12,310,Clouds,broken clouds,75,0,"""2023-05-03T03:29:48.000Z""","""2023-05-03T18:05:28.000Z""","""2023-05-03T02:01:47.000Z"""
10.64,11.17,10.6,11.93,1022,88,10000,4.63,310,Clouds,few clouds,20,0,"""2023-05-03T03:29:48.000Z""","""2023-05-03T18:05:28.000Z""","""2023-05-03T02:31:47.000Z"""
10.51,11.05,10.6,11.93,1021,88,10000,4.12,310,Clouds,few clouds,20,0,"""2023-05-03T03:29:48.000Z""","""2023-05-03T18:05:28.000Z""","""2023-05-03T03:01:47.000Z"""
10.45,11,10.04,11.93,1021,88,10000,3.6,310,Clouds,scattered clouds,40,0,"""2023-05-03T03:29:48.000Z""","""2023-05-03T18:05:28.000Z""","""2023-05-03T03:31:47.000Z"""
10.45,11,10.04,11.93,1022,88,10000,4.12,320,Clouds,scattered clouds,40,0,"""2023-05-03T03:29:48.000Z""","""2023-05-03T18:05:28.000Z""","""2023-05-03T04:01:47.000Z"""
11.01,11.53,11.02,11.93,1022,87,10000,3.6,320,Clouds,broken clouds,75,0,"""2023-05-03T03:29:48.000Z""","""2023-05-03T18:05:28.000Z""","""2023-05-03T04:31:47.000Z"""
11.01,11.53,11.02,11.93,1022,87,10000,2.24,334,Clouds,broken clouds,75,0,"""2023-05-03T03:29:48.000Z""","""2023-05-03T18:05:28.000Z""","""2023-05-03T05:01:47.000Z"""
11.44,11.99,11.67,12.28,1022,84,10000,4.12,360,Clouds,broken clouds,75,0,"""2023-05-03T03:29:48.000Z""","""2023-05-03T18:05:28.000Z""","""2023-05-03T05:31:47.000Z"""
11.76,12.31,12.02,13.04,1022,83,10000,5.14,360,Clouds,scattered clouds,40,0,"""2023-05-03T03:29:48.000Z""","""2023-05-03T18:05:28.000Z""","""2023-05-03T06:01:47.000Z"""
12.17,12.73,12.28,13.04,1023,81,10000,5.14,350,Clouds,scattered clouds,40,0,"""2023-05-03T03:29:48.000Z""","""2023-05-03T18:05:28.000Z""","""2023-05-03T06:31:47.000Z"""
12.62,13.16,12.84,13.33,1023,80,10000,5.14,350,Clouds,few clouds,20,0,"""2023-05-03T03:29:48.000Z""","""2023-05-03T18:05:28.000Z""","""2023-05-03T07:01:47.000Z"""
12.85,13.39,13.02,13.86,1023,79,10000,6.17,350,Clouds,few clouds,20,0,"""2023-05-03T03:29:48.000Z""","""2023-05-03T18:05:28.000Z""","""2023-05-03T07:31:47.000Z"""
13.42,13.96,12.27,14.44,1023,77,10000,6.69,350,Clouds,few clouds,20,0,"""2023-05-03T03:29:48.000Z""","""2023-05-03T18:05:28.000Z""","""2023-05-03T08:01:47.000Z"""
13.61,14.18,13.95,14.7,1023,75,10000,5.66,350,Clouds,scattered clouds,40,0,"""2023-05-03T03:29:48.000Z""","""2023-05-03T18:05:28.000Z""","""2023-05-03T08:31:47.000Z"""
13.72,14.4,14.02,15.04,1023,70,10000,6.69,360,Clouds,scattered clouds,40,0,"""2023-05-03T03:29:48.000Z""","""2023-05-03T18:05:28.000Z""","""2023-05-03T09:01:47.000Z"""
13.7,14.33,14.02,15.04,1023,72,10000,7.2,360,Clouds,few clouds,20,0,"""2023-05-03T03:29:48.000Z""","""2023-05-03T18:05:28.000Z""","""2023-05-03T09:31:47.000Z"""
15.18,15.84,14.7,16.73,1023,65,10000,7.2,20,Clouds,few clouds,20,0,"""2023-05-03T03:29:48.000Z""","""2023-05-03T18:05:28.000Z""","""2023-05-03T10:01:47.000Z"""
15.49,16.08,14.7,16.73,1023,67,10000,6.69,10,Clouds,scattered clouds,40,0,"""2023-05-03T03:29:48.000Z""","""2023-05-03T18:05:28.000Z""","""2023-05-03T10:31:47.000Z"""
16.06,16.86,14.7,17.28,1022,56,10000,6.17,20,Clouds,scattered clouds,40,0,"""2023-05-03T03:29:48.000Z""","""2023-05-03T18:05:28.000Z""","""2023-05-03T11:01:47.000Z"""
15.69,16.31,15.53,17.84,1023,65,10000,7.72,30,Clouds,scattered clouds,40,0,"""2023-05-03T03:29:48.000Z""","""2023-05-03T18:05:28.000Z""","""2023-05-03T11:31:47.000Z"""
15.51,16.14,14.97,17.84,1023,65,10000,6.69,350,Clouds,few clouds,20,0,"""2023-05-03T03:29:48.000Z""","""2023-05-03T18:05:28.000Z""","""2023-05-03T12:04:06.000Z"""
15.67,16.31,14.97,17.84,1024,64,10000,6.69,350,Clouds,few clouds,20,0,"""2023-05-03T03:29:48.000Z""","""2023-05-03T18:05:28.000Z""","""2023-05-03T12:34:06.000Z"""
15.52,16.18,14.97,17.84,1024,64,10000,6.17,350,Clouds,few clouds,20,0,"""2023-05-03T03:29:48.000Z""","""2023-05-03T18:05:28.000Z""","""2023-05-03T13:04:06.000Z"""
15.7,16.36,14.97,17.84,1023,63,10000,5.66,350,Clouds,few clouds,20,0,"""2023-05-03T03:29:48.000Z""","""2023-05-03T18:05:28.000Z""","""2023-05-03T13:34:06.000Z"""
15.59,16.29,15.53,17.84,1023,62,10000,5.14,360,Clouds,few clouds,20,0,"""2023-05-03T03:29:48.000Z""","""2023-05-03T18:05:28.000Z""","""2023-05-03T14:33:38.000Z"""
15.33,16.03,14.97,17.48,1023,63,10000,5.14,360,Clouds,few clouds,20,0,"""2023-05-03T03:29:48.000Z""","""2023-05-03T18:05:28.000Z""","""2023-05-03T15:03:38.000Z"""
15.22,15.9,14.97,17.48,1023,64,10000,5.14,20,Clouds,few clouds,20,0,"""2023-05-03T03:29:48.000Z""","""2023-05-03T18:05:28.000Z""","""2023-05-03T15:33:38.000Z"""
15.1,15.79,14.41,17.48,1023,64,10000,5.66,20,Clouds,few clouds,20,0,"""2023-05-03T03:29:48.000Z""","""2023-05-03T18:05:28.000Z""","""2023-05-03T16:03:38.000Z"""
14.5,15.25,14.41,16.93,1023,64,10000,5.14,20,Clouds,few clouds,20,0,"""2023-05-03T03:29:48.000Z""","""2023-05-03T18:05:28.000Z""","""2023-05-03T16:33:38.000Z"""
14.26,14.89,14.41,15.04,1023,70,10000,4.12,40,Clouds,few clouds,20,0,"""2023-05-03T03:29:48.000Z""","""2023-05-03T18:05:28.000Z""","""2023-05-03T17:03:38.000Z"""
12.96,13.66,13.3,15.82,1023,72,10000,4.12,40,Clear,clear sky,0,0,"""2023-05-03T03:29:48.000Z""","""2023-05-03T18:05:28.000Z""","""2023-05-03T17:33:38.000Z"""
12.44,13.16,12.75,13.93,1024,73,10000,3.6,30,Clear,clear sky,0,0,"""2023-05-03T03:29:48.000Z""","""2023-05-03T18:05:28.000Z""","""2023-05-03T18:03:38.000Z"""
11.27,12,11.64,14.15,1024,77,10000,2.06,30,Clear,clear sky,0,0,"""2023-05-03T03:29:48.000Z""","""2023-05-03T18:05:28.000Z""","""2023-05-03T18:33:38.000Z"""
10.74,11.52,10.53,12.82,1024,77,10000,1.03,0,Clear,clear sky,0,0,"""2023-05-03T03:29:48.000Z""","""2023-05-03T18:05:28.000Z""","""2023-05-03T19:13:18.000Z"""
10.74,11.52,10.53,12.02,1024,77,10000,2.57,320,Clear,clear sky,0,0,"""2023-05-03T03:29:48.000Z""","""2023-05-03T18:05:28.000Z""","""2023-05-03T19:43:18.000Z"""
10.74,11.52,10.53,12.02,1024,77,10000,3.09,320,Clear,clear sky,0,0,"""2023-05-03T03:29:48.000Z""","""2023-05-03T18:05:28.000Z""","""2023-05-03T20:13:18.000Z"""
10.24,11.07,10.04,11.73,1024,77,10000,3.09,330,Clear,clear sky,0,0,"""2023-05-03T03:29:48.000Z""","""2023-05-03T18:05:28.000Z""","""2023-05-03T20:43:18.000Z"""
10.05,10.87,9.49,11.11,1024,78,10000,3.09,320,Clear,clear sky,0,0,"""2023-05-03T03:29:48.000Z""","""2023-05-03T18:05:28.000Z""","""2023-05-03T21:13:18.000Z"""
9.61,10.52,8.93,11.17,1024,76,10000,3.09,350,Clear,clear sky,0,0,"""2023-05-03T03:29:48.000Z""","""2023-05-03T18:05:28.000Z""","""2023-05-03T21:43:18.000Z"""
9.37,10.23,8.93,10.56,1024,79,10000,3.09,360,Clear,clear sky,0,0,"""2023-05-04T03:28:13.000Z""","""2023-05-04T18:06:54.000Z""","""2023-05-03T22:13:18.000Z"""
9.33,10.22,8.38,11.02,1023,78,10000,3.09,350,Clear,clear sky,0,0,"""2023-05-04T03:28:13.000Z""","""2023-05-04T18:06:54.000Z""","""2023-05-03T22:43:18.000Z"""
9.15,10.08,7.82,11.02,1024,77,10000,3.09,340,Clear,clear sky,0,0,"""2023-05-04T03:28:13.000Z""","""2023-05-04T18:06:54.000Z""","""2023-05-03T23:13:18.000Z"""
8.15,9.74,7.82,11.02,1024,77,10000,3.09,320,Clear,clear sky,0,0,"""2023-05-04T03:28:13.000Z""","""2023-05-04T18:06:54.000Z""","""2023-05-03T23:43:18.000Z"""
8.35,9.64,7.27,11.02,1024,78,10000,2.57,330,Clear,clear sky,0,0,"""2023-05-04T03:28:13.000Z""","""2023-05-04T18:06:54.000Z""","""2023-05-04T00:13:18.000Z"""
8.03,9.64,7.27,11.02,1024,76,10000,3.09,330,Clear,clear sky,0,0,"""2023-05-04T03:28:13.000Z""","""2023-05-04T18:06:54.000Z""","""2023-05-04T00:43:18.000Z"""
6.61,8.46,6.71,9.02,1023,80,10000,3.09,280,Clear,clear sky,0,0,"""2023-05-04T03:28:13.000Z""","""2023-05-04T18:06:54.000Z""","""2023-05-04T01:13:18.000Z"""
6.82,8.35,6.71,9.02,1023,82,10000,2.57,290,Clear,clear sky,0,0,"""2023-05-04T03:28:13.000Z""","""2023-05-04T18:06:54.000Z""","""2023-05-04T01:43:18.000Z"""
6.3,7.91,6.16,9.02,1023,82,10000,2.57,300,Clear,clear sky,0,0,"""2023-05-04T03:28:13.000Z""","""2023-05-04T18:06:54.000Z""","""2023-05-04T02:13:18.000Z"""
6.17,7.8,6.16,9.02,1023,82,10000,2.57,300,Clear,clear sky,0,0,"""2023-05-04T03:28:13.000Z""","""2023-05-04T18:06:54.000Z""","""2023-05-04T02:43:18.000Z"""
6.17,7.8,5.6,9.02,1023,83,10000,2.57,300,Clear,clear sky,0,0,"""2023-05-04T03:28:13.000Z""","""2023-05-04T18:06:54.000Z""","""2023-05-04T03:13:18.000Z"""
5.52,7.26,5.6,8.02,1023,84,10000,2.57,290,Clear,clear sky,0,0,"""2023-05-04T03:28:13.000Z""","""2023-05-04T18:06:54.000Z""","""2023-05-04T03:43:18.000Z"""
4.57,7.03,5.04,8.02,1023,84,10000,3.6,280,Clear,clear sky,0,0,"""2023-05-04T03:28:13.000Z""","""2023-05-04T18:06:54.000Z""","""2023-05-04T04:13:19.000Z"""
4.91,7.73,5.6,8.3,1023,84,10000,4.63,290,Clear,clear sky,0,0,"""2023-05-04T03:28:13.000Z""","""2023-05-04T18:06:54.000Z""","""2023-05-04T04:43:19.000Z"""
6.69,9.16,8.59,9.5,1023,79,10000,4.63,290,Clear,clear sky,0,0,"""2023-05-04T03:28:13.000Z""","""2023-05-04T18:06:54.000Z""","""2023-05-04T05:13:19.000Z"""
7.47,9.95,6.71,11.64,1023,75,10000,5.14,290,Clear,clear sky,0,0,"""2023-05-04T03:28:13.000Z""","""2023-05-04T18:06:54.000Z""","""2023-05-04T05:43:19.000Z"""
10.15,11.13,7.82,12.19,1023,71,10000,4.12,290,Clear,clear sky,0,0,"""2023-05-04T03:28:13.000Z""","""2023-05-04T18:06:54.000Z""","""2023-05-04T06:13:19.000Z"""
11.17,12.1,8.93,13.3,1023,69,10000,3.09,300,Clear,clear sky,0,0,"""2023-05-04T03:28:13.000Z""","""2023-05-04T18:06:54.000Z""","""2023-05-04T06:43:19.000Z"""
12.73,13.59,12.28,14.02,1024,66,10000,2.57,10,Clear,clear sky,0,0,"""2023-05-04T03:28:13.000Z""","""2023-05-04T18:06:54.000Z""","""2023-05-04T07:13:19.000Z"""
13.91,14.71,12.82,16.08,1024,64,10000,2.06,350,Clear,clear sky,0,0,"""2023-05-04T03:28:13.000Z""","""2023-05-04T18:06:54.000Z""","""2023-05-04T08:03:13.000Z"""
14.46,15.28,13.95,16.64,1024,61,10000,1.54,330,Clouds,few clouds,20,0,"""2023-05-04T03:28:13.000Z""","""2023-05-04T18:06:54.000Z""","""2023-05-04T08:33:13.000Z"""
15.64,16.38,15.04,17.22,1024,60,10000,2.06,0,Clouds,few clouds,20,0,"""2023-05-04T03:28:13.000Z""","""2023-05-04T18:06:54.000Z""","""2023-05-04T09:16:05.000Z"""
16.15,16.89,15.6,18.33,1024,58,10000,2.06,250,Clouds,scattered clouds,40,0,"""2023-05-04T03:28:13.000Z""","""2023-05-04T18:06:54.000Z""","""2023-05-04T09:46:06.000Z"""
16.67,17.41,16.17,18.33,1023,56,10000,2.06,20,Clouds,scattered clouds,40,0,"""2023-05-04T03:28:13.000Z""","""2023-05-04T18:06:54.000Z""","""2023-05-04T10:16:06.000Z"""
16.57,17.34,17.02,17.75,1023,55,10000,1.03,0,Clouds,scattered clouds,40,0,"""2023-05-04T03:28:13.000Z""","""2023-05-04T18:06:54.000Z""","""2023-05-04T10:46:05.000Z"""
17.69,18.36,17.27,18.89,1023,55,10000,1.54,170,Clouds,scattered clouds,40,0,"""2023-05-04T03:28:13.000Z""","""2023-05-04T18:06:54.000Z""","""2023-05-04T11:16:05.000Z"""
18.53,19.2,18.02,20.56,1023,52,10000,1.54,0,Clouds,scattered clouds,40,0,"""2023-05-04T03:28:13.000Z""","""2023-05-04T18:06:54.000Z""","""2023-05-04T11:46:05.000Z"""
18.65,19.31,18.59,20.06,1022,52,10000,2.06,0,Clouds,scattered clouds,40,0,"""2023-05-04T03:28:13.000Z""","""2023-05-04T18:06:54.000Z""","""2023-05-04T12:16:06.000Z"""
18.69,19.37,18.33,20.62,1022,51,10000,1.54,160,Clouds,scattered clouds,40,0,"""2023-05-04T03:28:13.000Z""","""2023-05-04T18:06:54.000Z""","""2023-05-04T12:46:06.000Z"""
19.4,20.06,19.02,21.17,1023,49,10000,1.54,0,Clouds,scattered clouds,40,0,"""2023-05-04T03:28:13.000Z""","""2023-05-04T18:06:54.000Z""","""2023-05-04T13:16:06.000Z"""
20.33,20.86,19.7,21.67,1022,51,10000,1.03,0,Clear,clear sky,0,0,"""2023-05-04T03:28:13.000Z""","""2023-05-04T18:06:54.000Z""","""2023-05-04T13:46:06.000Z"""
19.94,20.5,19.7,21.11,1022,51,10000,1.03,0,Clear,clear sky,0,0,"""2023-05-04T03:28:13.000Z""","""2023-05-04T18:06:54.000Z""","""2023-05-04T13:57:48.000Z"""
18.91,19.59,19.02,20.26,1021,50,10000,1.03,0,Clear,clear sky,0,0,"""2023-05-04T03:28:13.000Z""","""2023-05-04T18:06:54.000Z""","""2023-05-04T14:34:57.000Z"""
18.55,19.26,19.02,20.26,1021,50,10000,1.03,0,Clear,clear sky,0,0,"""2023-05-04T03:28:13.000Z""","""2023-05-04T18:06:54.000Z""","""2023-05-04T15:04:57.000Z"""
19.6,20.24,19.41,21.11,1021,49,10000,0.89,272,Clear,clear sky,0,0,"""2023-05-04T03:28:13.000Z""","""2023-05-04T18:06:54.000Z""","""2023-05-04T15:34:57.000Z"""
19.33,20.02,19.41,20.56,1021,48,10000,0.51,0,Clear,clear sky,0,0,"""2023-05-04T03:28:13.000Z""","""2023-05-04T18:06:54.000Z""","""2023-05-04T16:04:57.000Z"""
19,19.72,18.93,20.02,1020,48,10000,1.03,0,Clear,clear sky,0,0,"""2023-05-04T03:28:13.000Z""","""2023-05-04T18:06:54.000Z""","""2023-05-04T16:34:57.000Z"""
18.67,19.44,18.38,20.02,1020,47,10000,1.03,210,Clear,clear sky,0,0,"""2023-05-04T03:28:13.000Z""","""2023-05-04T18:06:54.000Z""","""2023-05-04T17:04:57.000Z"""
16.97,18.02,18.02,18.02,1019,42,10000,1.54,0,Clear,clear sky,0,0,"""2023-05-04T03:28:13.000Z""","""2023-05-04T18:06:54.000Z""","""2023-05-04T17:34:57.000Z"""
15.87,17.02,16.08,17.02,1020,42,10000,3.6,300,Clear,clear sky,0,0,"""2023-05-04T03:28:13.000Z""","""2023-05-04T18:06:54.000Z""","""2023-05-04T18:04:57.000Z"""
15.87,17.02,14.97,17.02,1020,42,10000,3.09,320,Clear,clear sky,0,0,"""2023-05-04T03:28:13.000Z""","""2023-05-04T18:06:54.000Z""","""2023-05-04T18:34:57.000Z"""
14.25,15.21,13.3,16.02,1021,56,10000,2.57,310,Clear,clear sky,0,0,"""2023-05-04T03:28:13.000Z""","""2023-05-04T18:06:54.000Z""","""2023-05-04T19:04:57.000Z"""
13.25,14.23,12.75,15.02,1021,59,10000,1.54,310,Clear,clear sky,0,0,"""2023-05-04T03:28:13.000Z""","""2023-05-04T18:06:54.000Z""","""2023-05-04T19:34:57.000Z"""
12.13,13.14,11.64,14.02,1021,62,10000,0.51,0,Clear,clear sky,0,0,"""2023-05-04T03:28:13.000Z""","""2023-05-04T18:06:54.000Z""","""2023-05-04T20:04:57.000Z"""
12.1,13.14,11.64,14.02,1021,61,10000,1.03,0,Clear,clear sky,0,0,"""2023-05-04T03:28:13.000Z""","""2023-05-04T18:06:54.000Z""","""2023-05-04T20:34:57.000Z"""
11.66,12.69,11.08,14.02,1021,63,10000,2.06,330,Clear,clear sky,0,0,"""2023-05-04T03:28:13.000Z""","""2023-05-04T18:06:54.000Z""","""2023-05-04T21:04:57.000Z"""
10.59,11.62,11.08,12.02,1021,67,10000,1.03,330,Clear,clear sky,0,0,"""2023-05-04T03:28:13.000Z""","""2023-05-04T18:06:54.000Z""","""2023-05-04T21:34:57.000Z"""
10.29,11.33,11.08,13.04,1021,68,10000,1.54,300,Clear,clear sky,0,0,"""2023-05-05T03:26:39.000Z""","""2023-05-05T18:08:19.000Z""","""2023-05-04T22:04:57.000Z"""
9.58,10.59,9.97,13.04,1021,72,10000,1.54,40,Clear,clear sky,0,0,"""2023-05-05T03:26:39.000Z""","""2023-05-05T18:08:19.000Z""","""2023-05-04T22:34:57.000Z"""
9.17,10.14,9.41,12.48,1021,75,10000,1.03,0,Clear,clear sky,0,0,"""2023-05-05T03:26:39.000Z""","""2023-05-05T18:08:19.000Z""","""2023-05-04T23:04:57.000Z"""
9.45,9.86,9.41,11.93,1021,76,10000,1.54,240,Clear,clear sky,0,0,"""2023-05-05T03:26:39.000Z""","""2023-05-05T18:08:19.000Z""","""2023-05-04T23:34:57.000Z"""
9.75,9.75,8.86,11.93,1021,75,10000,1.03,240,Clear,clear sky,0,0,"""2023-05-05T03:26:39.000Z""","""2023-05-05T18:08:19.000Z""","""2023-05-05T00:04:57.000Z"""
9.2,9.2,8.86,11.37,1021,76,10000,0.51,0,Clear,clear sky,0,0,"""2023-05-05T03:26:39.000Z""","""2023-05-05T18:08:19.000Z""","""2023-05-05T00:34:57.000Z"""
8.41,8.95,8.02,11.37,1021,79,10000,1.54,80,Clear,clear sky,0,0,"""2023-05-05T03:26:39.000Z""","""2023-05-05T18:08:19.000Z""","""2023-05-05T01:04:57.000Z"""
8.84,9.33,7.02,12.84,1021,78,10000,1.54,20,Clear,clear sky,0,0,"""2023-05-05T03:26:39.000Z""","""2023-05-05T18:08:19.000Z""","""2023-05-05T01:34:57.000Z"""
8.32,9.29,8.3,11.73,1021,77,10000,2.06,10,Clear,clear sky,0,0,"""2023-05-05T03:26:39.000Z""","""2023-05-05T18:08:19.000Z""","""2023-05-05T02:04:57.000Z"""
8.64,8.64,6.64,11.17,1021,79,10000,0.51,0,Clear,clear sky,0,0,"""2023-05-05T03:26:39.000Z""","""2023-05-05T18:08:19.000Z""","""2023-05-05T02:34:57.000Z"""
7.6,8.68,7.02,11.17,1021,78,10000,2.06,40,Clear,clear sky,0,0,"""2023-05-05T03:26:39.000Z""","""2023-05-05T18:08:19.000Z""","""2023-05-05T03:04:57.000Z"""
7.33,8.45,7.02,11.17,1021,78,10000,2.06,30,Clear,clear sky,0,0,"""2023-05-05T03:26:39.000Z""","""2023-05-05T18:08:19.000Z""","""2023-05-05T03:34:57.000Z"""
7.19,8.33,7.02,10.62,1021,79,10000,2.06,40,Clear,clear sky,0,0,"""2023-05-05T03:26:39.000Z""","""2023-05-05T18:08:19.000Z""","""2023-05-05T04:04:57.000Z"""
7.28,8.74,7.02,11.17,1021,80,10000,2.57,50,Clear,clear sky,0,0,"""2023-05-05T03:26:39.000Z""","""2023-05-05T18:08:19.000Z""","""2023-05-05T04:34:57.000Z"""
7.74,9.4,8.33,11.71,1021,84,10000,3.09,30,Clear,clear sky,0,0,"""2023-05-05T03:26:39.000Z""","""2023-05-05T18:08:19.000Z""","""2023-05-05T05:04:57.000Z"""
10.01,10.72,9.97,12.27,1022,83,10000,2.57,40,Clear,clear sky,0,0,"""2023-05-05T03:26:39.000Z""","""2023-05-05T18:08:19.000Z""","""2023-05-05T05:34:57.000Z"""
11.45,12.05,11.37,12.84,1022,82,10000,4.12,40,Clear,clear sky,0,0,"""2023-05-05T03:26:39.000Z""","""2023-05-05T18:08:19.000Z""","""2023-05-05T06:04:57.000Z"""
12.5,13.1,12.78,13.59,1022,78,10000,4.63,40,Clear,clear sky,0,0,"""2023-05-05T03:26:39.000Z""","""2023-05-05T18:08:19.000Z""","""2023-05-05T06:34:57.000Z"""
13.86,14.45,13.89,15.82,1022,73,10000,3.6,40,Clear,clear sky,0,0,"""2023-05-05T03:26:39.000Z""","""2023-05-05T18:08:19.000Z""","""2023-05-05T07:04:57.000Z"""
14.98,15.47,15.02,15.62,1022,73,10000,3.09,60,Clear,clear sky,0,0,"""2023-05-05T03:26:39.000Z""","""2023-05-05T18:08:19.000Z""","""2023-05-05T07:34:57.000Z"""
15.74,16.23,15.02,16.71,1022,70,10000,3.09,80,Clear,clear sky,0,0,"""2023-05-05T03:26:39.000Z""","""2023-05-05T18:08:19.000Z""","""2023-05-05T08:04:57.000Z"""
16.94,17.44,16.02,19.15,1022,65,10000,3.09,90,Clear,clear sky,0,0,"""2023-05-05T03:26:39.000Z""","""2023-05-05T18:08:19.000Z""","""2023-05-05T08:34:57.000Z"""
18.12,18.68,18.02,19.7,1021,58,10000,2.57,70,Clear,clear sky,0,0,"""2023-05-05T03:26:39.000Z""","""2023-05-05T18:08:19.000Z""","""2023-05-05T09:04:57.000Z"""
18.63,19.24,18.02,20.26,1021,54,10000,2.06,60,Clear,clear sky,0,0,"""2023-05-05T03:26:39.000Z""","""2023-05-05T18:08:19.000Z""","""2023-05-05T09:34:57.000Z"""
19.7,20.28,19.02,21.11,1021,51,10000,3.09,110,Clouds,few clouds,20,0,"""2023-05-05T03:26:39.000Z""","""2023-05-05T18:08:19.000Z""","""2023-05-05T10:04:57.000Z"""
20.13,20.75,20.02,21.11,1021,48,10000,4.12,130,Clouds,few clouds,20,0,"""2023-05-05T03:26:39.000Z""","""2023-05-05T18:08:19.000Z""","""2023-05-05T10:34:57.000Z"""
21.02,21.58,20.02,22.22,1021,47,10000,3.09,120,Clouds,few clouds,20,0,"""2023-05-05T03:26:39.000Z""","""2023-05-05T18:08:19.000Z""","""2023-05-05T11:04:57.000Z"""
21.41,21.93,20.02,22.78,1021,47,10000,3.09,0,Clouds,few clouds,20,0,"""2023-05-05T03:26:39.000Z""","""2023-05-05T18:08:19.000Z""","""2023-05-05T11:34:57.000Z"""
21.64,22.19,21.02,22.84,1020,45,10000,3.6,140,Clouds,few clouds,20,0,"""2023-05-05T03:26:39.000Z""","""2023-05-05T18:08:19.000Z""","""2023-05-05T12:04:57.000Z"""
21.85,22.36,21.02,23.33,1021,46,10000,1.54,0,Clear,clear sky,0,0,"""2023-05-05T03:26:39.000Z""","""2023-05-05T18:08:19.000Z""","""2023-05-05T12:34:57.000Z"""
22.06,22.5,21.02,23.33,1020,48,10000,2.57,100,Clear,clear sky,0,0,"""2023-05-05T03:26:39.000Z""","""2023-05-05T18:08:19.000Z""","""2023-05-05T13:04:57.000Z"""
22.01,22.5,21.02,23.33,1020,46,10000,2.06,50,Clear,clear sky,0,0,"""2023-05-05T03:26:39.000Z""","""2023-05-05T18:08:19.000Z""","""2023-05-05T13:34:57.000Z"""
22.33,22.79,22.02,23.38,1019,46,10000,2.57,90,Clear,clear sky,0,0,"""2023-05-05T03:26:39.000Z""","""2023-05-05T18:08:19.000Z""","""2023-05-05T14:04:57.000Z"""
22.27,22.74,22.02,23.33,1019,46,10000,3.09,130,Clear,clear sky,0,0,"""2023-05-05T03:26:39.000Z""","""2023-05-05T18:08:19.000Z""","""2023-05-05T14:34:57.000Z"""
22.27,22.74,22.02,23.33,1019,46,10000,3.09,100,Clear,clear sky,0,0,"""2023-05-05T03:26:39.000Z""","""2023-05-05T18:08:19.000Z""","""2023-05-05T15:04:57.000Z"""
21.6,22.13,22.02,22.48,1019,46,10000,2.06,110,Clear,clear sky,0,0,"""2023-05-05T03:26:39.000Z""","""2023-05-05T18:08:19.000Z""","""2023-05-05T15:34:57.000Z"""
21.78,22.25,21.64,22.78,1019,48,10000,2.57,100,Clear,clear sky,0,0,"""2023-05-05T03:26:39.000Z""","""2023-05-05T18:08:19.000Z""","""2023-05-05T16:04:57.000Z"""
20.46,21.02,21.02,21.02,1017,49,10000,3.09,110,Clear,clear sky,0,0,"""2023-05-05T03:26:39.000Z""","""2023-05-05T18:08:19.000Z""","""2023-05-05T16:34:57.000Z"""
20.49,20.98,20.53,21.16,1019,52,10000,3.09,100,Clear,clear sky,0,0,"""2023-05-05T03:26:39.000Z""","""2023-05-05T18:08:19.000Z""","""2023-05-05T17:04:57.000Z"""
17.73,18.33,18.3,19.02,1019,58,10000,2.57,90,Clear,clear sky,0,0,"""2023-05-05T03:26:39.000Z""","""2023-05-05T18:08:19.000Z""","""2023-05-05T18:12:01.000Z"""
16.54,17.22,17.22,18.02,1019,59,10000,3.09,90,Clear,clear sky,0,0,"""2023-05-05T03:26:39.000Z""","""2023-05-05T18:08:19.000Z""","""2023-05-05T18:42:01.000Z"""
16.01,16.67,16.67,17.19,1019,62,10000,2.57,90,Clear,clear sky,0,0,"""2023-05-05T03:26:39.000Z""","""2023-05-05T18:08:19.000Z""","""2023-05-05T19:12:01.000Z"""
14.82,15.56,15.56,16.08,1019,63,10000,1.03,0,Clear,clear sky,0,0,"""2023-05-05T03:26:39.000Z""","""2023-05-05T18:08:19.000Z""","""2023-05-05T19:42:01.000Z"""
14.73,15.41,15,16.16,1018,66,10000,2.57,340,Clear,clear sky,0,0,"""2023-05-05T03:26:39.000Z""","""2023-05-05T18:08:19.000Z""","""2023-05-05T20:12:01.000Z"""
14.11,14.8,14.02,15.04,1018,68,10000,2.06,360,Clear,clear sky,0,0,"""2023-05-05T03:26:39.000Z""","""2023-05-05T18:08:19.000Z""","""2023-05-05T20:42:01.000Z"""
13.4,14.08,13.02,16.37,1018,71,10000,1.03,20,Clear,clear sky,0,0,"""2023-05-05T03:26:39.000Z""","""2023-05-05T18:08:19.000Z""","""2023-05-05T21:12:01.000Z"""
12.88,13.59,13.02,16.37,1018,72,10000,2.06,20,Clear,clear sky,0,0,"""2023-05-05T03:26:39.000Z""","""2023-05-05T18:08:19.000Z""","""2023-05-05T21:42:01.000Z"""
12.23,12.92,12.02,15.82,1018,75,10000,1.03,20,Clear,clear sky,0,0,"""2023-05-06T03:25:06.000Z""","""2023-05-06T18:09:43.000Z""","""2023-05-05T22:12:01.000Z"""
11.5,12.28,12.02,13.38,1018,74,10000,1.54,10,Clear,clear sky,0,0,"""2023-05-06T03:25:06.000Z""","""2023-05-06T18:09:43.000Z""","""2023-05-05T22:42:01.000Z"""
10.8,11.55,11.02,15.26,1018,78,10000,1.54,10,Clear,clear sky,0,0,"""2023-05-06T03:25:06.000Z""","""2023-05-06T18:09:43.000Z""","""2023-05-05T23:12:01.000Z"""
10.6,11.32,10.53,13.93,1018,80,10000,2.06,20,Clear,clear sky,0,0,"""2023-05-06T03:25:06.000Z""","""2023-05-06T18:09:43.000Z""","""2023-05-05T23:42:01.000Z"""
10.1,10.87,9.97,13.93,1018,80,10000,2.06,20,Clear,clear sky,0,0,"""2023-05-06T03:25:06.000Z""","""2023-05-06T18:09:43.000Z""","""2023-05-06T00:12:01.000Z"""
10.13,10.92,9.41,14.5,1018,79,10000,2.06,10,Clear,clear sky,0,0,"""2023-05-06T03:25:06.000Z""","""2023-05-06T18:09:43.000Z""","""2023-05-06T00:42:01.000Z"""
9.92,10.68,9.41,13.95,1017,81,10000,2.06,20,Clear,clear sky,0,0,"""2023-05-06T03:25:06.000Z""","""2023-05-06T18:09:43.000Z""","""2023-05-06T01:12:01.000Z"""
9.59,10.38,9.41,13.95,1017,81,10000,1.54,20,Clear,clear sky,0,0,"""2023-05-06T03:25:06.000Z""","""2023-05-06T18:09:43.000Z""","""2023-05-06T01:42:01.000Z"""
9.6,10.39,8.86,13.39,1018,81,10000,3.09,330,Clear,clear sky,0,0,"""2023-05-06T03:25:06.000Z""","""2023-05-06T18:09:43.000Z""","""2023-05-06T02:12:01.000Z"""
9.37,10.13,8.86,13.38,1018,83,10000,1.54,70,Clear,clear sky,0,0,"""2023-05-06T03:25:06.000Z""","""2023-05-06T18:09:43.000Z""","""2023-05-06T02:42:01.000Z"""
9.31,10.08,9.41,12.82,1018,83,10000,1.03,0,Clear,clear sky,0,0,"""2023-05-06T03:25:06.000Z""","""2023-05-06T18:09:43.000Z""","""2023-05-06T03:12:01.000Z"""
9.7,10.43,9.41,13.38,1018,83,10000,1.03,0,Clear,clear sky,0,0,"""2023-05-06T03:25:06.000Z""","""2023-05-06T18:09:43.000Z""","""2023-05-06T03:42:01.000Z"""
9.82,10.54,9.97,12.82,1018,83,10000,1.54,20,Clear,clear sky,0,0,"""2023-05-06T03:25:06.000Z""","""2023-05-06T18:09:43.000Z""","""2023-05-06T04:12:01.000Z"""
10.59,11.22,10.53,15.82,1018,84,10000,1.54,20,Clear,clear sky,0,0,"""2023-05-06T03:25:06.000Z""","""2023-05-06T18:09:43.000Z""","""2023-05-06T04:42:01.000Z"""
11.69,12.29,11.08,15.82,1018,81,10000,1.03,20,Clear,clear sky,0,0,"""2023-05-06T03:25:06.000Z""","""2023-05-06T18:09:43.000Z""","""2023-05-06T05:12:01.000Z"""
13.15,13.76,13.02,16.37,1017,75,10000,1.54,30,Clear,clear sky,0,0,"""2023-05-06T03:25:06.000Z""","""2023-05-06T18:09:43.000Z""","""2023-05-06T05:42:01.000Z"""
12.68,13.21,12.22,16.37,1018,80,10000,1.54,70,Clouds,few clouds,20,0,"""2023-05-06T03:25:06.000Z""","""2023-05-06T18:09:43.000Z""","""2023-05-06T06:12:01.000Z"""
12.94,13.5,12.78,16.37,1018,78,10000,1.03,90,Clouds,few clouds,20,0,"""2023-05-06T03:25:06.000Z""","""2023-05-06T18:09:43.000Z""","""2023-05-06T06:42:01.000Z"""
13.41,13.9,13.02,16.37,1018,79,10000,1.54,60,Clouds,few clouds,20,0,"""2023-05-06T03:25:06.000Z""","""2023-05-06T18:09:43.000Z""","""2023-05-06T07:12:01.000Z"""
13.5,14.01,13.02,16.93,1018,78,10000,0.51,0,Rain,light intensity shower rain,20,0.92,"""2023-05-06T03:25:06.000Z""","""2023-05-06T18:09:43.000Z""","""2023-05-06T07:42:01.000Z"""
13.49,13.9,13.02,17.48,1018,82,10000,0.51,0,Rain,light rain,20,0.11,"""2023-05-06T03:25:06.000Z""","""2023-05-06T18:09:43.000Z""","""2023-05-06T08:12:01.000Z"""
14.11,14.49,13.89,18.04,1018,81,10000,1.03,0,Clouds,few clouds,20,0,"""2023-05-06T03:25:06.000Z""","""2023-05-06T18:09:43.000Z""","""2023-05-06T08:42:01.000Z"""
14.97,15.27,14.41,19.15,1018,81,10000,1.03,0,Clouds,few clouds,20,0,"""2023-05-06T03:25:06.000Z""","""2023-05-06T18:09:43.000Z""","""2023-05-06T09:21:06.000Z"""
16.46,16.75,16.02,19.15,1018,76,10000,0.51,0,Clouds,few clouds,20,0,"""2023-05-06T03:25:06.000Z""","""2023-05-06T18:09:43.000Z""","""2023-05-06T09:51:06.000Z"""
17.3,17.56,16.67,19.7,1018,74,10000,1.03,0,Clouds,few clouds,20,0,"""2023-05-06T03:25:06.000Z""","""2023-05-06T18:09:43.000Z""","""2023-05-06T10:21:06.000Z"""
17.63,17.83,17.02,20.26,1018,75,10000,1.54,150,Clouds,few clouds,20,0,"""2023-05-06T03:25:06.000Z""","""2023-05-06T18:09:43.000Z""","""2023-05-06T10:51:06.000Z"""
19.07,19.21,18.02,20.82,1018,72,10000,2.57,150,Clouds,few clouds,20,0,"""2023-05-06T03:25:06.000Z""","""2023-05-06T18:09:43.000Z""","""2023-05-06T11:21:06.000Z"""
19.78,19.93,19.02,21.71,1018,69,10000,2.57,150,Clouds,few clouds,20,0,"""2023-05-06T03:25:06.000Z""","""2023-05-06T18:09:43.000Z""","""2023-05-06T11:51:06.000Z"""
20.7,20.84,20.02,21.71,1018,66,10000,3.09,130,Clouds,few clouds,20,0,"""2023-05-06T03:25:06.000Z""","""2023-05-06T18:09:43.000Z""","""2023-05-06T12:21:06.000Z"""
22.35,22.5,20.82,23.33,1018,59,10000,3.09,150,Clouds,few clouds,20,0,"""2023-05-06T03:25:06.000Z""","""2023-05-06T18:09:43.000Z""","""2023-05-06T12:51:06.000Z"""
21.62,21.98,19.15,23.3,1016,53,10000,3.09,200,Clouds,few clouds,20,0,"""2023-05-06T03:25:06.000Z""","""2023-05-06T18:09:43.000Z""","""2023-05-06T13:21:06.000Z"""
22.01,22.31,19.7,23.86,1017,54,10000,3.09,210,Thunderstorm,thunderstorm with light rain,20,0.77,"""2023-05-06T03:25:06.000Z""","""2023-05-06T18:09:43.000Z""","""2023-05-06T13:51:06.000Z"""
18.98,19.11,18.38,19.7,1018,73,10000,4.02,323,Rain,light rain,97,0.21,"""2023-05-06T03:25:06.000Z""","""2023-05-06T18:09:43.000Z""","""2023-05-06T14:21:06.000Z"""
18.97,19.22,18.02,22.28,1017,68,10000,3.6,50,Clouds,few clouds,20,0,"""2023-05-06T03:25:06.000Z""","""2023-05-06T18:09:43.000Z""","""2023-05-06T14:51:06.000Z"""
18.87,19.1,18.02,21.73,1017,69,10000,0.51,0,Rain,light rain,20,0.14,"""2023-05-06T03:25:06.000Z""","""2023-05-06T18:09:43.000Z""","""2023-05-06T15:21:06.000Z"""
18.67,18.87,18.02,20.06,1017,71,10000,2.06,300,Rain,light intensity shower rain,20,2.6,"""2023-05-06T03:25:06.000Z""","""2023-05-06T18:09:43.000Z""","""2023-05-06T15:51:06.000Z"""
18.99,19.19,17.82,21.17,1016,70,10000,2.06,200,Clouds,few clouds,20,0,"""2023-05-06T03:25:06.000Z""","""2023-05-06T18:09:43.000Z""","""2023-05-06T16:21:06.000Z"""
17.77,17.94,16.64,20.62,1017,76,10000,1.54,210,Clouds,few clouds,20,0,"""2023-05-06T03:25:06.000Z""","""2023-05-06T18:09:43.000Z""","""2023-05-06T16:51:06.000Z"""
17.66,17.74,16.64,20.62,1017,80,10000,1.03,220,Clouds,few clouds,20,0,"""2023-05-06T03:25:06.000Z""","""2023-05-06T18:09:43.000Z""","""2023-05-06T17:21:06.000Z"""
16.6,16.68,16.08,18.04,1017,84,10000,1.54,30,Clouds,few clouds,20,0,"""2023-05-06T03:25:06.000Z""","""2023-05-06T18:09:43.000Z""","""2023-05-06T17:51:06.000Z"""
16.18,16.23,15.53,18.04,1017,87,10000,2.06,160,Clouds,few clouds,20,0,"""2023-05-06T03:25:06.000Z""","""2023-05-06T18:09:43.000Z""","""2023-05-06T18:21:06.000Z"""
15.23,15.34,14.97,15.6,1017,88,10000,1.54,140,Clouds,few clouds,20,0,"""2023-05-06T03:25:06.000Z""","""2023-05-06T18:09:43.000Z""","""2023-05-06T18:51:06.000Z"""
15.23,15.39,14.41,16.93,1017,86,10000,2.06,250,Clouds,few clouds,20,0,"""2023-05-06T03:25:06.000Z""","""2023-05-06T18:09:43.000Z""","""2023-05-06T19:21:06.000Z"""
14.69,14.8,14.41,16.37,1018,90,10000,1.54,240,Clouds,few clouds,20,0,"""2023-05-06T03:25:06.000Z""","""2023-05-06T18:09:43.000Z""","""2023-05-06T19:51:06.000Z"""
14.71,14.8,14.41,16.37,1018,91,10000,1.54,240,Clouds,few clouds,20,0,"""2023-05-06T03:25:06.000Z""","""2023-05-06T18:09:43.000Z""","""2023-05-06T20:01:07.000Z"""
14.71,14.8,14.41,16.37,1018,91,10000,1.54,240,Clouds,few clouds,20,0,"""2023-05-06T03:25:06.000Z""","""2023-05-06T18:09:43.000Z""","""2023-05-06T20:01:57.000Z"""
14.44,14.55,14.02,16.37,1018,91,10000,1.03,0,Fog,fog,20,0,"""2023-05-06T03:25:06.000Z""","""2023-05-06T18:09:43.000Z""","""2023-05-06T20:07:52.000Z"""
14.44,14.55,14.02,15.82,1018,91,10000,1.03,0,Fog,fog,20,0,"""2023-05-06T03:25:06.000Z""","""2023-05-06T18:09:43.000Z""","""2023-05-06T20:27:01.000Z"""
14.44,14.55,14.02,15.82,1018,91,10000,1.54,330,Fog,fog,20,0,"""2023-05-06T03:25:06.000Z""","""2023-05-06T18:09:43.000Z""","""2023-05-06T20:40:40.000Z"""
14.38,14.57,13.02,16.73,1018,88,10000,1.03,0,Clouds,few clouds,20,0,"""2023-05-06T03:25:06.000Z""","""2023-05-06T18:09:43.000Z""","""2023-05-06T21:30:08.000Z"""
14.29,14.46,13.02,16.73,1018,89,10000,1.03,0,Fog,fog,97,0,"""2023-05-07T03:23:35.000Z""","""2023-05-07T18:11:07.000Z""","""2023-05-06T22:00:06.000Z"""
14.35,14.52,13.02,16.73,1018,89,10000,0.51,0,Fog,fog,99,0,"""2023-05-07T03:23:35.000Z""","""2023-05-07T18:11:07.000Z""","""2023-05-06T22:30:08.000Z"""
14.24,14.42,13.02,16.17,1018,89,10000,1.54,50,Clear,clear sky,0,0,"""2023-05-07T03:23:35.000Z""","""2023-05-07T18:11:07.000Z""","""2023-05-06T23:00:06.000Z"""
13.65,13.81,13.02,14.41,1018,92,10000,0.51,0,Clear,clear sky,0,0,"""2023-05-07T03:23:35.000Z""","""2023-05-07T18:11:07.000Z""","""2023-05-06T23:30:06.000Z"""
13.69,13.92,13.59,14.02,1017,89,10000,1.54,310,Clear,clear sky,0,0,"""2023-05-07T03:23:35.000Z""","""2023-05-07T18:11:07.000Z""","""2023-05-07T00:00:06.000Z"""
12.79,13.15,12.75,14.02,1017,87,10000,3.09,280,Clear,clear sky,0,0,"""2023-05-07T03:23:35.000Z""","""2023-05-07T18:11:07.000Z""","""2023-05-07T00:30:07.000Z"""
12.73,13.14,11.64,15.62,1017,85,10000,3.09,300,Clear,clear sky,0,0,"""2023-05-07T03:23:35.000Z""","""2023-05-07T18:11:07.000Z""","""2023-05-07T01:00:07.000Z"""
11.73,12.14,11.02,15.06,1017,89,10000,2.57,60,Clear,clear sky,0,0,"""2023-05-07T03:23:35.000Z""","""2023-05-07T18:11:07.000Z""","""2023-05-07T01:30:06.000Z"""
11.45,11.86,11.02,14.5,1017,90,10000,0.51,0,Fog,fog,99.99,0,"""2023-05-07T03:23:35.000Z""","""2023-05-07T18:11:07.000Z""","""2023-05-07T02:00:07.000Z"""
11.25,11.7,10.53,14.5,1017,89,10000,1.54,340,Fog,fog,99.99,0,"""2023-05-07T03:23:35.000Z""","""2023-05-07T18:11:07.000Z""","""2023-05-07T02:30:06.000Z"""
10.73,11.2,9.97,14.5,1017,90,10000,0.51,250,Fog,fog,99.99,0,"""2023-05-07T03:23:35.000Z""","""2023-05-07T18:11:07.000Z""","""2023-05-07T03:00:08.000Z"""
10.91,11.37,10.53,13.95,1017,90,10000,0.51,0,Fog,fog,99.99,0,"""2023-05-07T03:23:35.000Z""","""2023-05-07T18:11:07.000Z""","""2023-05-07T03:30:08.000Z"""
10.86,11.32,10.53,13.95,1018,90,10000,0.51,0,Fog,fog,20,0,"""2023-05-07T03:23:35.000Z""","""2023-05-07T18:11:07.000Z""","""2023-05-07T04:00:06.000Z"""
11,11.43,10.56,13.95,1018,91,10000,0.51,0,Fog,fog,20,0,"""2023-05-07T03:23:35.000Z""","""2023-05-07T18:11:07.000Z""","""2023-05-07T04:30:08.000Z"""
11.28,11.66,10.56,13.95,1018,92,10000,1.03,210,Fog,fog,99.99,0,"""2023-05-07T03:23:35.000Z""","""2023-05-07T18:11:07.000Z""","""2023-05-07T05:00:08.000Z"""
11.99,12.33,11.16,13.95,1018,91,10000,1.03,240,Fog,fog,20,0,"""2023-05-07T03:23:35.000Z""","""2023-05-07T18:11:07.000Z""","""2023-05-07T05:30:08.000Z"""
13.19,13.44,11.71,14.5,1019,90,10000,2.06,210,Clouds,few clouds,20,0,"""2023-05-07T03:23:35.000Z""","""2023-05-07T18:11:07.000Z""","""2023-05-07T06:00:06.000Z"""
14.09,14.33,11.71,15.06,1019,87,10000,1.54,220,Clouds,few clouds,20,0,"""2023-05-07T03:23:35.000Z""","""2023-05-07T18:11:07.000Z""","""2023-05-07T06:30:06.000Z"""
15.11,15.33,14.7,15.56,1019,84,10000,1.34,327,Clouds,few clouds,20,0,"""2023-05-07T03:23:35.000Z""","""2023-05-07T18:11:07.000Z""","""2023-05-07T07:00:09.000Z"""
16.18,16.42,15.82,16.67,1019,79,10000,1.03,0,Clouds,scattered clouds,40,0,"""2023-05-07T03:23:35.000Z""","""2023-05-07T18:11:07.000Z""","""2023-05-07T07:30:08.000Z"""
16.69,16.93,16.02,17.78,1019,77,10000,1.03,0,Clouds,broken clouds,75,0,"""2023-05-07T03:23:35.000Z""","""2023-05-07T18:11:07.000Z""","""2023-05-07T08:00:13.000Z"""
17.04,17.25,16.02,18.33,1020,77,10000,2.06,250,Clouds,broken clouds,75,0,"""2023-05-07T03:23:35.000Z""","""2023-05-07T18:11:07.000Z""","""2023-05-07T08:08:21.000Z"""
17.87,18.1,16.73,19.44,1020,73,10000,1.03,0,Clouds,broken clouds,75,0,"""2023-05-07T03:23:35.000Z""","""2023-05-07T18:11:07.000Z""","""2023-05-07T08:37:52.000Z"""
17.82,18.1,16.73,19.44,1020,71,10000,1.03,0,Clouds,broken clouds,75,0,"""2023-05-07T03:23:35.000Z""","""2023-05-07T18:11:07.000Z""","""2023-05-07T08:50:35.000Z"""
18.3,18.66,17.27,19.44,1020,66,10000,1.54,0,Clouds,scattered clouds,40,0,"""2023-05-07T03:23:35.000Z""","""2023-05-07T18:11:07.000Z""","""2023-05-07T09:40:27.000Z"""
19.63,19.98,19.15,20.53,1019,61,10000,2.06,320,Clouds,scattered clouds,40,0,"""2023-05-07T03:23:35.000Z""","""2023-05-07T18:11:07.000Z""","""2023-05-07T11:08:53.000Z"""
19.82,20.16,19.15,20.56,1019,61,10000,2.06,320,Clouds,scattered clouds,40,0,"""2023-05-07T03:23:35.000Z""","""2023-05-07T18:11:07.000Z""","""2023-05-07T11:22:21.000Z"""
19.82,20.16,19.15,20.56,1019,61,10000,2.06,320,Clouds,scattered clouds,40,0,"""2023-05-07T03:23:35.000Z""","""2023-05-07T18:11:07.000Z""","""2023-05-07T11:26:54.000Z"""
19.96,20.33,19.15,21.11,1019,59,10000,4.12,320,Clouds,scattered clouds,40,0,"""2023-05-07T03:23:35.000Z""","""2023-05-07T18:11:07.000Z""","""2023-05-07T11:33:49.000Z"""
19.96,20.33,19.15,21.11,1019,59,10000,4.12,320,Clouds,scattered clouds,40,0,"""2023-05-07T03:23:35.000Z""","""2023-05-07T18:11:07.000Z""","""2023-05-07T11:39:50.000Z"""
20.03,20.44,19.15,21.11,1019,57,10000,4.12,320,Clouds,scattered clouds,40,0,"""2023-05-07T03:23:35.000Z""","""2023-05-07T18:11:07.000Z""","""2023-05-07T11:45:32.000Z"""
20.03,20.44,19.15,21.11,1019,57,10000,4.12,320,Clouds,scattered clouds,40,0,"""2023-05-07T03:23:35.000Z""","""2023-05-07T18:11:07.000Z""","""2023-05-07T11:47:25.000Z"""
20.03,20.44,19.15,21.11,1019,57,10000,4.12,320,Clouds,scattered clouds,40,0,"""2023-05-07T03:23:35.000Z""","""2023-05-07T18:11:07.000Z""","""2023-05-07T11:49:46.000Z"""
20.15,20.65,19.15,21.17,1019,53,10000,5.14,350,Clouds,few clouds,20,0,"""2023-05-07T03:23:35.000Z""","""2023-05-07T18:11:07.000Z""","""2023-05-07T12:46:48.000Z"""
19.15,19.67,19.15,20.02,1019,56,10000,5.66,340,Clouds,few clouds,20,0,"""2023-05-07T03:23:35.000Z""","""2023-05-07T18:11:07.000Z""","""2023-05-07T13:51:28.000Z"""
19.48,19.99,19.02,21.11,1020,55,10000,4.63,350,Clouds,few clouds,20,0,"""2023-05-07T03:23:35.000Z""","""2023-05-07T18:11:07.000Z""","""2023-05-07T14:21:28.000Z"""
18.89,19.45,18.04,20.02,1019,55,10000,4.63,360,Clouds,few clouds,20,0,"""2023-05-07T03:23:35.000Z""","""2023-05-07T18:11:07.000Z""","""2023-05-07T14:51:28.000Z"""
18.3,18.94,18.04,19.44,1020,54,10000,6.17,340,Clouds,few clouds,20,0,"""2023-05-07T03:23:35.000Z""","""2023-05-07T18:11:07.000Z""","""2023-05-07T15:21:28.000Z"""
15.78,16.55,15.82,17.02,1019,58,10000,5.14,350,Clear,clear sky,0,0,"""2023-05-07T03:23:35.000Z""","""2023-05-07T18:11:07.000Z""","""2023-05-07T16:32:57.000Z"""
15.08,15.87,14.97,16.11,1021,60,10000,5.14,340,Clear,clear sky,0,0,"""2023-05-07T03:23:35.000Z""","""2023-05-07T18:11:07.000Z""","""2023-05-07T17:02:58.000Z"""
13.88,14.71,13.59,15.02,1020,63,10000,5.66,340,Clear,clear sky,0,0,"""2023-05-07T03:23:35.000Z""","""2023-05-07T18:11:07.000Z""","""2023-05-07T17:32:57.000Z"""
12.39,13.35,11.71,14.02,1020,63,10000,5.14,350,Clear,clear sky,0,0,"""2023-05-07T03:23:35.000Z""","""2023-05-07T18:11:07.000Z""","""2023-05-07T18:02:57.000Z"""
10.97,11.99,10.6,12.22,1020,66,10000,6.69,340,Clear,clear sky,0,0,"""2023-05-07T03:23:35.000Z""","""2023-05-07T18:11:07.000Z""","""2023-05-07T18:32:57.000Z"""
10.28,11.32,10.04,11.67,1021,68,10000,4.12,340,Clouds,few clouds,20,0,"""2023-05-07T03:23:35.000Z""","""2023-05-07T18:11:07.000Z""","""2023-05-07T19:02:58.000Z"""
9.61,10.66,9.49,12.28,1021,70,10000,2.06,360,Clouds,few clouds,20,0,"""2023-05-07T03:23:35.000Z""","""2023-05-07T18:11:07.000Z""","""2023-05-07T19:32:57.000Z"""
9.48,10.54,8.93,11.17,1022,70,10000,4.12,350,Clouds,few clouds,20,0,"""2023-05-07T03:23:35.000Z""","""2023-05-07T18:11:07.000Z""","""2023-05-07T20:02:57.000Z"""
8.34,9.9,8.38,10.62,1022,72,10000,3.09,350,Clouds,few clouds,20,0,"""2023-05-07T03:23:35.000Z""","""2023-05-07T18:11:07.000Z""","""2023-05-07T20:32:58.000Z"""
7.51,9.44,8.38,10.06,1022,73,10000,3.6,350,Clouds,few clouds,20,0,"""2023-05-07T03:23:35.000Z""","""2023-05-07T18:11:07.000Z""","""2023-05-07T21:02:57.000Z"""
8.03,9.37,7.82,9.5,1022,73,10000,2.57,350,Clouds,few clouds,20,0,"""2023-05-07T03:23:35.000Z""","""2023-05-07T18:11:07.000Z""","""2023-05-07T21:32:57.000Z"""
6.74,8.81,7.82,9.5,1022,75,10000,3.6,20,Clouds,few clouds,20,0,"""2023-05-08T03:22:05.000Z""","""2023-05-08T18:12:31.000Z""","""2023-05-07T22:02:57.000Z"""
6.82,8.35,7.27,8.95,1023,74,10000,2.57,20,Clouds,few clouds,20,0,"""2023-05-08T03:22:05.000Z""","""2023-05-08T18:12:31.000Z""","""2023-05-07T22:32:57.000Z"""
6.95,8.25,7.27,8.95,1023,74,10000,2.24,327,Clear,clear sky,0,0,"""2023-05-08T03:22:05.000Z""","""2023-05-08T18:12:31.000Z""","""2023-05-07T23:02:57.000Z"""
7.4,7.86,6.71,8.95,1023,75,10000,1.34,327,Clear,clear sky,0,0,"""2023-05-08T03:22:05.000Z""","""2023-05-08T18:12:31.000Z""","""2023-05-07T23:32:57.000Z"""
5.95,7.62,6.16,8.39,1023,77,10000,2.57,300,Clear,clear sky,0,0,"""2023-05-08T03:22:05.000Z""","""2023-05-08T18:12:31.000Z""","""2023-05-08T00:02:57.000Z"""
5.52,7.26,6.16,7.84,1023,76,10000,2.57,310,Clear,clear sky,0,0,"""2023-05-08T03:22:05.000Z""","""2023-05-08T18:12:31.000Z""","""2023-05-08T00:32:58.000Z"""
5.17,6.96,6.16,7.84,1023,77,10000,2.57,290,Clear,clear sky,0,0,"""2023-05-08T03:22:05.000Z""","""2023-05-08T18:12:31.000Z""","""2023-05-08T01:02:58.000Z"""
5.08,6.89,5.6,7.28,1023,78,10000,2.57,300,Clear,clear sky,0,0,"""2023-05-08T03:22:05.000Z""","""2023-05-08T18:12:31.000Z""","""2023-05-08T01:32:57.000Z"""
5.28,6.69,5.6,7.75,1023,78,10000,2.06,310,Clear,clear sky,0,0,"""2023-05-08T03:22:05.000Z""","""2023-05-08T18:12:31.000Z""","""2023-05-08T02:02:57.000Z"""
4.78,6.26,5.04,6.73,1023,80,10000,2.06,290,Clear,clear sky,0,0,"""2023-05-08T03:22:05.000Z""","""2023-05-08T18:12:31.000Z""","""2023-05-08T02:32:57.000Z"""
3.49,5.87,4.49,6.73,1023,81,10000,3.09,290,Clear,clear sky,0,0,"""2023-05-08T03:22:05.000Z""","""2023-05-08T18:12:31.000Z""","""2023-05-08T03:02:58.000Z"""
3.73,6.07,4.49,6.73,1023,81,10000,3.09,290,Clouds,scattered clouds,40,0,"""2023-05-08T03:22:05.000Z""","""2023-05-08T18:12:31.000Z""","""2023-05-08T03:32:57.000Z"""
4.32,6.56,4.49,6.73,1023,81,10000,3.09,290,Clouds,broken clouds,75,0,"""2023-05-08T03:22:05.000Z""","""2023-05-08T18:12:31.000Z""","""2023-05-08T04:02:57.000Z"""
5.16,6.95,4.49,7.22,1023,81,10000,2.57,300,Clouds,broken clouds,75,0,"""2023-05-08T03:22:05.000Z""","""2023-05-08T18:12:31.000Z""","""2023-05-08T04:32:57.000Z"""
6.44,7.68,5.04,8.3,1024,78,10000,2.06,290,Clouds,broken clouds,75,0,"""2023-05-08T03:22:05.000Z""","""2023-05-08T18:12:31.000Z""","""2023-05-08T05:02:58.000Z"""
7.59,8.67,5.6,8.89,1024,76,10000,2.06,280,Clouds,broken clouds,75,0,"""2023-05-08T03:22:05.000Z""","""2023-05-08T18:12:31.000Z""","""2023-05-08T05:32:58.000Z"""
9.24,9.24,8.95,9.44,1024,73,10000,1.03,0,Clouds,broken clouds,75,0,"""2023-05-08T03:22:05.000Z""","""2023-05-08T18:12:31.000Z""","""2023-05-08T06:02:58.000Z"""
8.91,9.8,6.71,10,1024,73,10000,2.06,350,Clouds,broken clouds,75,0,"""2023-05-08T03:22:05.000Z""","""2023-05-08T18:12:31.000Z""","""2023-05-08T06:32:57.000Z"""
9.45,10.56,10.02,11.17,1025,68,10000,3.6,30,Clouds,broken clouds,75,0,"""2023-05-08T03:22:05.000Z""","""2023-05-08T18:12:31.000Z""","""2023-05-08T07:02:57.000Z"""
10.22,11.29,10.02,12.28,1025,67,10000,3.09,10,Clouds,broken clouds,75,0,"""2023-05-08T03:22:05.000Z""","""2023-05-08T18:12:31.000Z""","""2023-05-08T07:32:57.000Z"""
11.03,12.07,10.04,12.84,1025,65,10000,2.06,0,Clouds,broken clouds,75,0,"""2023-05-08T03:22:05.000Z""","""2023-05-08T18:12:31.000Z""","""2023-05-08T08:02:57.000Z"""
12.64,13.65,11.16,15.06,1025,60,10000,1.54,0,Clouds,broken clouds,75,0,"""2023-05-08T03:22:05.000Z""","""2023-05-08T18:12:31.000Z""","""2023-05-08T08:48:22.000Z"""
13.3,14.3,12.82,15.06,1025,58,10000,1.03,0,Clouds,broken clouds,75,0,"""2023-05-08T03:22:05.000Z""","""2023-05-08T18:12:31.000Z""","""2023-05-08T09:18:20.000Z"""
15.47,16.32,15.02,17.22,1025,56,10000,1.03,0,Clouds,broken clouds,75,0,"""2023-05-08T03:22:05.000Z""","""2023-05-08T18:12:31.000Z""","""2023-05-08T11:21:28.000Z"""
16.4,17.24,16.02,18.33,1025,53,10000,1.54,0,Clouds,broken clouds,75,0,"""2023-05-08T03:22:05.000Z""","""2023-05-08T18:12:31.000Z""","""2023-05-08T11:51:28.000Z"""
16.36,17.22,16.02,17.84,1024,52,10000,1.03,0,Clouds,scattered clouds,40,0,"""2023-05-08T03:22:05.000Z""","""2023-05-08T18:12:31.000Z""","""2023-05-08T12:21:28.000Z"""
17.41,18.2,17.02,18.89,1024,51,10000,1.03,0,Clouds,scattered clouds,40,0,"""2023-05-08T03:22:05.000Z""","""2023-05-08T18:12:31.000Z""","""2023-05-08T12:51:28.000Z"""
17.88,18.65,17.02,19.44,1024,50,10000,1.54,30,Clouds,scattered clouds,40,0,"""2023-05-08T03:22:05.000Z""","""2023-05-08T18:12:31.000Z""","""2023-05-08T13:21:28.000Z"""
17.7,18.47,18.02,18.89,1024,51,10000,1.54,60,Clouds,scattered clouds,40,0,"""2023-05-08T03:22:05.000Z""","""2023-05-08T18:12:31.000Z""","""2023-05-08T13:51:28.000Z"""
17.92,18.69,18.02,19.44,1024,50,10000,2.06,100,Clouds,few clouds,20,0,"""2023-05-08T03:22:05.000Z""","""2023-05-08T18:12:31.000Z""","""2023-05-08T14:21:28.000Z"""
18.19,18.96,18.02,19.44,1024,49,10000,2.06,320,Clouds,few clouds,20,0,"""2023-05-08T03:22:05.000Z""","""2023-05-08T18:12:31.000Z""","""2023-05-08T14:51:28.000Z"""
18.14,18.91,18.02,20,1024,49,10000,1.03,0,Clouds,few clouds,20,0,"""2023-05-08T03:22:05.000Z""","""2023-05-08T18:12:31.000Z""","""2023-05-08T15:21:28.000Z"""
17.13,17.97,17.75,18.59,1023,50,10000,1.03,0,Clouds,few clouds,20,0,"""2023-05-08T03:22:05.000Z""","""2023-05-08T18:12:31.000Z""","""2023-05-08T15:51:28.000Z"""
17.81,18.61,17.75,19.44,1024,49,10000,1.03,0,Clear,clear sky,0,0,"""2023-05-08T03:22:05.000Z""","""2023-05-08T18:12:31.000Z""","""2023-05-08T16:21:28.000Z"""
17.81,18.61,17.75,19.44,1024,49,10000,1.03,0,Clear,clear sky,0,0,"""2023-05-08T03:22:05.000Z""","""2023-05-08T18:12:31.000Z""","""2023-05-08T16:31:20.000Z"""
17.13,18.02,17.19,18.02,1022,48,10000,2.57,230,Clear,clear sky,0,0,"""2023-05-08T03:22:05.000Z""","""2023-05-08T18:12:31.000Z""","""2023-05-08T16:51:28.000Z"""
16.22,17.07,16.64,17.22,1024,53,10000,4.12,210,Clear,clear sky,0,0,"""2023-05-08T03:22:05.000Z""","""2023-05-08T18:12:31.000Z""","""2023-05-08T17:23:07.000Z"""
15.11,16.02,16.02,16.02,1022,55,10000,3.6,210,Clear,clear sky,0,0,"""2023-05-08T03:22:05.000Z""","""2023-05-08T18:12:31.000Z""","""2023-05-08T17:53:07.000Z"""
14.09,15.02,14.41,15.02,1022,58,10000,3.6,210,Clear,clear sky,0,0,"""2023-05-08T03:22:05.000Z""","""2023-05-08T18:12:31.000Z""","""2023-05-08T18:23:07.000Z"""
13.1,14.02,12.19,14.02,1023,62,10000,3.09,210,Clear,clear sky,0,0,"""2023-05-08T03:22:05.000Z""","""2023-05-08T18:12:31.000Z""","""2023-05-08T18:53:07.000Z"""
11.56,12.69,11.08,14.02,1024,59,10000,4.12,80,Clear,clear sky,0,0,"""2023-05-08T03:22:05.000Z""","""2023-05-08T18:12:31.000Z""","""2023-05-08T19:23:07.000Z"""
10.35,11.67,9.97,12.02,1025,56,10000,4.12,60,Clear,clear sky,0,0,"""2023-05-08T03:22:05.000Z""","""2023-05-08T18:12:31.000Z""","""2023-05-08T19:53:07.000Z"""
9.12,10.43,9.41,11.16,1025,61,10000,5.14,30,Clear,clear sky,0,0,"""2023-05-08T03:22:05.000Z""","""2023-05-08T18:12:31.000Z""","""2023-05-08T20:23:07.000Z"""
7.19,10,9.97,11.02,1025,62,10000,6.17,30,Clear,clear sky,0,0,"""2023-05-08T03:22:05.000Z""","""2023-05-08T18:12:31.000Z""","""2023-05-08T20:53:07.000Z"""
7.11,9.66,9.44,11.16,1025,63,10000,5.14,20,Clear,clear sky,0,0,"""2023-05-08T03:22:05.000Z""","""2023-05-08T18:12:31.000Z""","""2023-05-08T21:23:07.000Z"""
6.93,9.35,8.89,11.73,1025,63,10000,4.63,20,Clear,clear sky,0,0,"""2023-05-08T03:22:05.000Z""","""2023-05-08T18:12:31.000Z""","""2023-05-08T21:53:07.000Z"""
6.13,8.88,8.33,11.17,1026,64,10000,5.14,20,Clear,clear sky,0,0,"""2023-05-09T03:20:37.000Z""","""2023-05-09T18:13:54.000Z""","""2023-05-08T22:23:07.000Z"""
5.64,8.49,7.78,11.17,1026,65,10000,5.14,30,Clear,clear sky,0,0,"""2023-05-09T03:20:37.000Z""","""2023-05-09T18:13:54.000Z""","""2023-05-08T22:53:07.000Z"""
5.78,8.43,7.78,10.62,1026,65,10000,4.63,30,Clear,clear sky,0,0,"""2023-05-09T03:20:37.000Z""","""2023-05-09T18:13:54.000Z""","""2023-05-08T23:23:07.000Z"""
5.2,7.77,7.19,10.62,1026,68,10000,4.12,20,Clear,clear sky,0,0,"""2023-05-09T03:20:37.000Z""","""2023-05-09T18:13:54.000Z""","""2023-05-08T23:53:07.000Z"""
5.39,7.92,6.08,10.62,1026,69,10000,4.12,30,Clear,clear sky,0,0,"""2023-05-09T03:20:37.000Z""","""2023-05-09T18:13:54.000Z""","""2023-05-09T00:23:07.000Z"""
5.45,7.75,6.08,10.62,1025,69,10000,3.6,40,Clear,clear sky,0,0,"""2023-05-09T03:20:37.000Z""","""2023-05-09T18:13:54.000Z""","""2023-05-09T00:53:07.000Z"""
5.5,7.79,6.67,10.06,1025,66,10000,3.6,40,Clouds,few clouds,20,0,"""2023-05-09T03:20:37.000Z""","""2023-05-09T18:13:54.000Z""","""2023-05-09T01:23:07.000Z"""
5.32,7.39,6.08,10.06,1025,71,10000,3.09,40,Clouds,few clouds,20,0,"""2023-05-09T03:20:37.000Z""","""2023-05-09T18:13:54.000Z""","""2023-05-09T01:53:07.000Z"""
6.08,7.73,6.67,10.06,1025,67,10000,2.57,50,Clouds,broken clouds,75,0,"""2023-05-09T03:20:37.000Z""","""2023-05-09T18:13:54.000Z""","""2023-05-09T02:23:07.000Z"""
5.74,7.44,6.11,10.06,1025,69,10000,2.57,50,Clouds,broken clouds,75,0,"""2023-05-09T03:20:37.000Z""","""2023-05-09T18:13:54.000Z""","""2023-05-09T02:53:07.000Z"""
6,7.66,6.67,10.06,1025,68,10000,2.57,60,Clouds,broken clouds,75,0,"""2023-05-09T03:20:37.000Z""","""2023-05-09T18:13:54.000Z""","""2023-05-09T03:23:07.000Z"""
4.94,7.08,5.53,9.5,1025,72,10000,3.09,60,Clouds,broken clouds,75,0,"""2023-05-09T03:20:37.000Z""","""2023-05-09T18:13:54.000Z""","""2023-05-09T03:53:07.000Z"""
5.63,7.35,6.64,9.5,1025,71,10000,2.57,50,Clouds,broken clouds,75,0,"""2023-05-09T03:20:37.000Z""","""2023-05-09T18:13:54.000Z""","""2023-05-09T04:23:07.000Z"""
5.8,7.79,7.02,10.06,1025,71,10000,3.09,50,Clouds,scattered clouds,40,0,"""2023-05-09T03:20:37.000Z""","""2023-05-09T18:13:54.000Z""","""2023-05-09T04:53:07.000Z"""
6.75,8.58,8.02,10.06,1025,70,10000,3.09,60,Clouds,few clouds,20,0,"""2023-05-09T03:20:37.000Z""","""2023-05-09T18:13:54.000Z""","""2023-05-09T05:23:07.000Z"""
7.48,9.42,8.93,10.06,1025,65,10000,3.6,70,Clouds,few clouds,20,0,"""2023-05-09T03:20:37.000Z""","""2023-05-09T18:13:54.000Z""","""2023-05-09T05:53:07.000Z"""
8.88,10.16,9.02,11.93,1025,63,10000,4.12,90,Clouds,few clouds,20,0,"""2023-05-09T03:20:37.000Z""","""2023-05-09T18:13:54.000Z""","""2023-05-09T06:23:07.000Z"""
9.82,11.11,10.02,13.59,1025,59,10000,5.14,80,Clear,clear sky,0,0,"""2023-05-09T03:20:37.000Z""","""2023-05-09T18:13:54.000Z""","""2023-05-09T06:53:07.000Z"""
11.38,12.58,11.02,15.26,1025,57,10000,4.12,110,Clear,clear sky,0,0,"""2023-05-09T03:20:37.000Z""","""2023-05-09T18:13:54.000Z""","""2023-05-09T07:46:17.000Z"""
12.13,13.31,12.02,15.06,1025,55,10000,4.12,100,Clear,clear sky,0,0,"""2023-05-09T03:20:37.000Z""","""2023-05-09T18:13:54.000Z""","""2023-05-09T08:16:17.000Z"""
13.11,14.2,13.02,15.82,1025,55,10000,4.12,90,Clear,clear sky,0,0,"""2023-05-09T03:20:37.000Z""","""2023-05-09T18:13:54.000Z""","""2023-05-09T08:46:17.000Z"""
13.91,15.04,14.02,16.37,1024,50,10000,3.6,90,Clouds,few clouds,20,0,"""2023-05-09T03:20:37.000Z""","""2023-05-09T18:13:54.000Z""","""2023-05-09T09:16:17.000Z"""
14.41,15.52,14.02,16.73,1024,49,10000,3.09,110,Clear,clear sky,0,0,"""2023-05-09T03:20:37.000Z""","""2023-05-09T18:13:54.000Z""","""2023-05-09T09:46:17.000Z"""
15.01,16.07,15.02,16.93,1024,49,10000,3.6,100,Clear,clear sky,0,0,"""2023-05-09T03:20:37.000Z""","""2023-05-09T18:13:54.000Z""","""2023-05-09T10:16:17.000Z"""
15.44,16.46,15.02,17.28,1024,49,10000,4.12,100,Clear,clear sky,0,0,"""2023-05-09T03:20:37.000Z""","""2023-05-09T18:13:54.000Z""","""2023-05-09T10:46:17.000Z"""
16.32,17.21,16.02,18.39,1023,51,10000,3.6,110,Clear,clear sky,0,0,"""2023-05-09T03:20:37.000Z""","""2023-05-09T18:13:54.000Z""","""2023-05-09T11:16:17.000Z"""
16.53,17.5,16.02,18.39,1023,47,10000,5.66,100,Clear,clear sky,0,0,"""2023-05-09T03:20:37.000Z""","""2023-05-09T18:13:54.000Z""","""2023-05-09T11:46:17.000Z"""
16.89,17.87,16.02,18.95,1023,45,10000,5.66,90,Clouds,few clouds,20,0,"""2023-05-09T03:20:37.000Z""","""2023-05-09T18:13:54.000Z""","""2023-05-09T12:16:17.000Z"""
17.28,18.23,17.02,19.5,1023,45,10000,5.14,100,Clear,clear sky,0,0,"""2023-05-09T03:20:37.000Z""","""2023-05-09T18:13:54.000Z""","""2023-05-09T12:46:17.000Z"""
16.92,17.88,17.02,18.59,1022,46,10000,5.14,110,Clear,clear sky,0,0,"""2023-05-09T03:20:37.000Z""","""2023-05-09T18:13:54.000Z""","""2023-05-09T13:16:17.000Z"""
16.53,17.47,16.71,18.04,1022,48,10000,5.14,110,Clear,clear sky,0,0,"""2023-05-09T03:20:37.000Z""","""2023-05-09T18:13:54.000Z""","""2023-05-09T13:46:17.000Z"""
17.39,18.37,16.71,19.5,1022,43,10000,4.12,110,Clear,clear sky,0,0,"""2023-05-09T03:20:37.000Z""","""2023-05-09T18:13:54.000Z""","""2023-05-09T14:16:17.000Z"""
17.32,18.31,16.71,19.5,1021,43,10000,5.14,110,Clear,clear sky,0,0,"""2023-05-09T03:20:37.000Z""","""2023-05-09T18:13:54.000Z""","""2023-05-09T14:37:05.000Z"""
17.32,18.31,16.71,19.5,1021,43,10000,5.14,110,Clear,clear sky,0,0,"""2023-05-09T03:20:37.000Z""","""2023-05-09T18:13:54.000Z""","""2023-05-09T14:38:59.000Z"""
17.05,18.09,17.27,19.5,1021,42,10000,6.17,100,Clear,clear sky,0,0,"""2023-05-09T03:20:37.000Z""","""2023-05-09T18:13:54.000Z""","""2023-05-09T15:10:07.000Z"""
16.55,17.59,17.02,18.59,1021,44,10000,5.14,120,Clear,clear sky,0,0,"""2023-05-09T03:20:37.000Z""","""2023-05-09T18:13:54.000Z""","""2023-05-09T15:40:07.000Z"""
16.43,17.45,17.02,18.04,1020,45,10000,5.14,120,Clear,clear sky,0,0,"""2023-05-09T03:20:37.000Z""","""2023-05-09T18:13:54.000Z""","""2023-05-09T15:54:46.000Z"""
16.25,17.31,17.02,18.04,1020,44,10000,4.63,120,Clear,clear sky,0,0,"""2023-05-09T03:20:37.000Z""","""2023-05-09T18:13:54.000Z""","""2023-05-09T16:25:53.000Z"""
15.95,17.02,17.02,17.02,1019,45,10000,4.12,120,Clear,clear sky,0,0,"""2023-05-09T03:20:37.000Z""","""2023-05-09T18:13:54.000Z""","""2023-05-09T16:38:56.000Z"""
15.95,17.02,17.02,17.02,1019,45,10000,4.12,120,Clear,clear sky,0,0,"""2023-05-09T03:20:37.000Z""","""2023-05-09T18:13:54.000Z""","""2023-05-09T16:40:12.000Z"""
14.93,16.02,16.02,16.02,1018,48,10000,4.12,110,Clear,clear sky,0,0,"""2023-05-09T03:20:37.000Z""","""2023-05-09T18:13:54.000Z""","""2023-05-09T17:10:33.000Z"""
14.93,16.02,16.02,16.02,1018,48,10000,4.12,110,Clear,clear sky,0,0,"""2023-05-09T03:20:37.000Z""","""2023-05-09T18:13:54.000Z""","""2023-05-09T17:32:30.000Z"""
14.93,16.02,16.02,16.02,1018,48,10000,4.12,110,Clear,clear sky,0,0,"""2023-05-09T03:20:37.000Z""","""2023-05-09T18:13:54.000Z""","""2023-05-09T17:33:46.000Z"""
14.83,16.02,16.02,16.02,1018,44,10000,4.63,120,Clear,clear sky,0,0,"""2023-05-09T03:20:37.000Z""","""2023-05-09T18:13:54.000Z""","""2023-05-09T17:37:26.000Z"""
14.93,16.02,16.02,16.02,1018,48,10000,4.12,110,Clear,clear sky,0,0,"""2023-05-09T03:20:37.000Z""","""2023-05-09T18:13:54.000Z""","""2023-05-09T17:40:31.000Z"""
12.81,14.02,14.02,14.97,1018,51,10000,3.6,120,Clear,clear sky,0,0,"""2023-05-09T03:20:37.000Z""","""2023-05-09T18:13:54.000Z""","""2023-05-09T18:10:31.000Z"""
11.79,13.02,13.02,13.02,1018,54,10000,3.09,110,Clear,clear sky,0,0,"""2023-05-09T03:20:37.000Z""","""2023-05-09T18:13:54.000Z""","""2023-05-09T18:40:31.000Z"""
11.5,12.78,12.02,12.78,1020,53,10000,3.6,100,Clear,clear sky,0,0,"""2023-05-09T03:20:37.000Z""","""2023-05-09T18:13:54.000Z""","""2023-05-09T19:10:31.000Z"""
10.38,11.67,11.67,12.75,1020,57,10000,3.09,110,Clear,clear sky,0,0,"""2023-05-09T03:20:37.000Z""","""2023-05-09T18:13:54.000Z""","""2023-05-09T19:40:31.000Z"""
9.84,11.11,11.11,12.19,1020,60,10000,3.6,110,Clear,clear sky,0,0,"""2023-05-09T03:20:37.000Z""","""2023-05-09T18:13:54.000Z""","""2023-05-09T20:10:31.000Z"""
9.29,10.56,10.56,11.64,1020,62,10000,3.09,130,Clear,clear sky,0,0,"""2023-05-09T03:20:37.000Z""","""2023-05-09T18:13:54.000Z""","""2023-05-09T20:40:31.000Z"""
9.29,10.56,10.02,11.08,1019,62,10000,3.09,120,Clear,clear sky,0,0,"""2023-05-09T03:20:37.000Z""","""2023-05-09T18:13:54.000Z""","""2023-05-09T21:10:31.000Z"""
8.78,10,9.02,10.53,1019,65,10000,2.57,120,Clear,clear sky,0,0,"""2023-05-09T03:20:37.000Z""","""2023-05-09T18:13:54.000Z""","""2023-05-09T21:40:31.000Z"""
8.11,9.44,9.02,10.53,1019,66,10000,2.57,120,Clear,clear sky,0,0,"""2023-05-10T03:19:11.000Z""","""2023-05-10T18:15:17.000Z""","""2023-05-09T22:10:31.000Z"""
7.46,8.89,8.89,10.53,1019,68,10000,2.57,110,Clear,clear sky,0,0,"""2023-05-10T03:19:11.000Z""","""2023-05-10T18:15:17.000Z""","""2023-05-09T22:40:31.000Z"""
6.84,8.89,8.89,10.02,1019,69,10000,3.6,110,Clear,clear sky,0,0,"""2023-05-10T03:19:11.000Z""","""2023-05-10T18:15:17.000Z""","""2023-05-09T23:10:31.000Z"""
6.45,8.33,8.33,9.41,1018,71,10000,3.09,110,Clear,clear sky,0,0,"""2023-05-10T03:19:11.000Z""","""2023-05-10T18:15:17.000Z""","""2023-05-09T23:40:31.000Z"""
7.46,9.17,7.78,12.48,1018,70,10000,3.09,110,Clear,clear sky,0,0,"""2023-05-10T03:19:11.000Z""","""2023-05-10T18:15:17.000Z""","""2023-05-10T00:10:31.000Z"""
7.79,8.84,7.22,12.48,1017,71,10000,2.06,100,Clear,clear sky,0,0,"""2023-05-10T03:19:11.000Z""","""2023-05-10T18:15:17.000Z""","""2023-05-10T00:40:31.000Z"""
7.42,8.52,7.22,12.48,1017,73,10000,2.06,70,Clear,clear sky,0,0,"""2023-05-10T03:19:11.000Z""","""2023-05-10T18:15:17.000Z""","""2023-05-10T01:10:31.000Z"""
7.69,8.32,7.02,11.93,1017,76,10000,1.54,20,Clear,clear sky,0,0,"""2023-05-10T03:19:11.000Z""","""2023-05-10T18:15:17.000Z""","""2023-05-10T01:40:31.000Z"""
7.52,8.17,7.02,11.93,1017,77,10000,1.54,30,Clear,clear sky,0,0,"""2023-05-10T03:19:11.000Z""","""2023-05-10T18:15:17.000Z""","""2023-05-10T02:10:31.000Z"""
6.82,8.01,7.02,11.37,1017,78,10000,2.06,40,Clear,clear sky,0,0,"""2023-05-10T03:19:11.000Z""","""2023-05-10T18:15:17.000Z""","""2023-05-10T02:40:31.000Z"""
6.92,7.65,6.02,11.37,1017,80,10000,1.54,20,Clear,clear sky,0,0,"""2023-05-10T03:19:11.000Z""","""2023-05-10T18:15:17.000Z""","""2023-05-10T03:10:31.000Z"""
6.8,7.99,6.02,10.82,1017,82,10000,2.06,40,Clouds,few clouds,20,0,"""2023-05-10T03:19:11.000Z""","""2023-05-10T18:15:17.000Z""","""2023-05-10T04:10:31.000Z"""
7.57,8.65,7.02,11.37,1017,82,10000,2.06,40,Clouds,few clouds,20,0,"""2023-05-10T03:19:11.000Z""","""2023-05-10T18:15:17.000Z""","""2023-05-10T04:40:31.000Z"""
9.07,9.94,9.02,11.37,1017,81,10000,2.06,70,Clear,clear sky,0,0,"""2023-05-10T03:19:11.000Z""","""2023-05-10T18:15:17.000Z""","""2023-05-10T05:10:31.000Z"""
10.06,10.88,10.02,11.93,1017,78,10000,3.6,100,Clear,clear sky,0,0,"""2023-05-10T03:19:11.000Z""","""2023-05-10T18:15:17.000Z""","""2023-05-10T05:40:31.000Z"""
11.3,12.05,11.02,13.04,1017,76,10000,5.66,130,Clear,clear sky,0,0,"""2023-05-10T03:19:11.000Z""","""2023-05-10T18:15:17.000Z""","""2023-05-10T06:10:31.000Z"""
13.27,14.01,13.02,15.82,1017,69,10000,6.17,130,Clouds,few clouds,20,0,"""2023-05-10T03:19:11.000Z""","""2023-05-10T18:15:17.000Z""","""2023-05-10T07:15:07.000Z"""
14.75,15.57,15.02,16.93,1017,60,10000,6.69,140,Clouds,few clouds,20,0,"""2023-05-10T03:19:11.000Z""","""2023-05-10T18:15:17.000Z""","""2023-05-10T08:04:24.000Z"""
16.15,16.89,16.02,17.48,1018,58,10000,6.69,140,Clouds,few clouds,20,0,"""2023-05-10T03:19:11.000Z""","""2023-05-10T18:15:17.000Z""","""2023-05-10T09:04:41.000Z"""
17.07,17.82,17.02,18.33,1017,54,10000,8.23,150,Clouds,scattered clouds,40,0,"""2023-05-10T03:19:11.000Z""","""2023-05-10T18:15:17.000Z""","""2023-05-10T10:01:11.000Z"""
17.75,18.49,18.04,18.86,1018,52,10000,2.24,271,Clouds,broken clouds,52,0,"""2023-05-10T03:19:11.000Z""","""2023-05-10T18:15:17.000Z""","""2023-05-10T10:31:11.000Z"""
17.68,18.42,18.02,18.86,1017,52,10000,7.2,140,Clouds,scattered clouds,40,0,"""2023-05-10T03:19:11.000Z""","""2023-05-10T18:15:17.000Z""","""2023-05-10T10:57:23.000Z"""
17.68,18.42,18.02,19.15,1017,52,10000,7.2,140,Clouds,scattered clouds,40,0,"""2023-05-10T03:19:11.000Z""","""2023-05-10T18:15:17.000Z""","""2023-05-10T10:59:53.000Z"""
17.68,18.42,18.02,18.86,1017,52,10000,7.2,140,Clouds,scattered clouds,40,0,"""2023-05-10T03:19:11.000Z""","""2023-05-10T18:15:17.000Z""","""2023-05-10T11:04:46.000Z"""
17.81,18.57,18.02,19.15,1018,51,10000,7.72,140,Clouds,scattered clouds,40,0,"""2023-05-10T03:19:11.000Z""","""2023-05-10T18:15:17.000Z""","""2023-05-10T11:06:51.000Z"""
17.81,18.57,18.02,19.15,1018,51,10000,7.72,140,Clouds,scattered clouds,40,0,"""2023-05-10T03:19:11.000Z""","""2023-05-10T18:15:17.000Z""","""2023-05-10T11:10:23.000Z"""
17.81,18.57,18.02,19.15,1017,51,10000,7.72,140,Clouds,scattered clouds,40,0,"""2023-05-10T03:19:11.000Z""","""2023-05-10T18:15:17.000Z""","""2023-05-10T11:13:33.000Z"""
17.81,18.57,18.02,19.15,1018,51,10000,7.72,140,Clouds,scattered clouds,40,0,"""2023-05-10T03:19:11.000Z""","""2023-05-10T18:15:17.000Z""","""2023-05-10T11:15:07.000Z"""
17.81,18.57,18.02,19.15,1018,51,10000,7.72,140,Clouds,scattered clouds,40,0,"""2023-05-10T03:19:11.000Z""","""2023-05-10T18:15:17.000Z""","""2023-05-10T11:15:57.000Z"""
17.64,18.55,18.02,19.15,1016,45,10000,7.72,130,Clouds,broken clouds,75,0,"""2023-05-10T03:19:11.000Z""","""2023-05-10T18:15:17.000Z""","""2023-05-10T11:46:58.000Z"""
17.36,18.3,18.02,19.15,1016,45,10000,8.23,150,Clouds,scattered clouds,40,0,"""2023-05-10T03:19:11.000Z""","""2023-05-10T18:15:17.000Z""","""2023-05-10T12:16:58.000Z"""
18.15,19.02,19.02,19.49,1015,45,10000,6.69,150,Clear,clear sky,0,0,"""2023-05-10T03:19:11.000Z""","""2023-05-10T18:15:17.000Z""","""2023-05-10T12:46:58.000Z"""
18.81,19.69,18.93,20.02,1015,42,10000,8.23,140,Clear,clear sky,0,0,"""2023-05-10T03:19:11.000Z""","""2023-05-10T18:15:17.000Z""","""2023-05-10T13:16:58.000Z"""
18.07,19.02,19.02,19.49,1015,42,10000,8.23,130,Clear,clear sky,0,0,"""2023-05-10T03:19:11.000Z""","""2023-05-10T18:15:17.000Z""","""2023-05-10T13:46:58.000Z"""
18.07,19.02,18.93,19.02,1015,42,10000,7.72,120,Clear,clear sky,0,0,"""2023-05-10T03:19:11.000Z""","""2023-05-10T18:15:17.000Z""","""2023-05-10T14:16:58.000Z"""
18,19.02,19.02,19.02,1015,39,10000,6.69,140,Clear,clear sky,0,0,"""2023-05-10T03:19:11.000Z""","""2023-05-10T18:15:17.000Z""","""2023-05-10T14:46:58.000Z"""
18.68,19.69,18.93,20.02,1015,37,10000,6.17,140,Clear,clear sky,0,0,"""2023-05-10T03:19:11.000Z""","""2023-05-10T18:15:17.000Z""","""2023-05-10T15:16:58.000Z"""
18,19.02,19.02,19.02,1015,39,10000,6.69,130,Clear,clear sky,0,0,"""2023-05-10T03:19:11.000Z""","""2023-05-10T18:15:17.000Z""","""2023-05-10T15:46:58.000Z"""
18,19.02,19.02,19.02,1014,39,10000,7.2,150,Clear,clear sky,0,0,"""2023-05-10T03:19:11.000Z""","""2023-05-10T18:15:17.000Z""","""2023-05-10T16:16:58.000Z"""
18,19.02,19.02,19.02,1014,39,10000,6.69,140,Clear,clear sky,0,0,"""2023-05-10T03:19:11.000Z""","""2023-05-10T18:15:17.000Z""","""2023-05-10T16:46:58.000Z"""
16.97,18.02,18.02,18.02,1015,42,10000,5.14,130,Clear,clear sky,0,0,"""2023-05-10T03:19:11.000Z""","""2023-05-10T18:15:17.000Z""","""2023-05-10T17:16:58.000Z"""
16.03,17.02,17.02,17.02,1015,48,10000,5.14,110,Clear,clear sky,0,0,"""2023-05-10T03:19:11.000Z""","""2023-05-10T18:15:17.000Z""","""2023-05-10T17:46:58.000Z"""
16.03,17.02,17.02,17.02,1015,48,10000,4.12,110,Clear,clear sky,0,0,"""2023-05-10T03:19:11.000Z""","""2023-05-10T18:15:17.000Z""","""2023-05-10T18:16:58.000Z"""
15.01,16.02,16.02,16.02,1015,51,10000,3.6,100,Clear,clear sky,0,0,"""2023-05-10T03:19:11.000Z""","""2023-05-10T18:15:17.000Z""","""2023-05-10T18:46:58.000Z"""
12.85,13.89,13.89,15.02,1017,58,10000,3.6,100,Clear,clear sky,0,0,"""2023-05-10T03:19:11.000Z""","""2023-05-10T18:15:17.000Z""","""2023-05-10T19:16:58.000Z"""
11.68,12.78,12.78,15.02,1017,60,10000,4.63,100,Clear,clear sky,0,0,"""2023-05-10T03:19:11.000Z""","""2023-05-10T18:15:17.000Z""","""2023-05-10T19:46:58.000Z"""
11.12,12.22,12.22,14.02,1018,62,10000,4.12,100,Clear,clear sky,0,0,"""2023-05-10T03:19:11.000Z""","""2023-05-10T18:15:17.000Z""","""2023-05-10T20:16:58.000Z"""
10.59,11.67,11.67,14.02,1018,65,10000,3.6,90,Clear,clear sky,0,0,"""2023-05-10T03:19:11.000Z""","""2023-05-10T18:15:17.000Z""","""2023-05-10T20:46:58.000Z"""
10.62,11.67,11.67,14.02,1018,66,10000,4.12,100,Clear,clear sky,0,0,"""2023-05-10T03:19:11.000Z""","""2023-05-10T18:15:17.000Z""","""2023-05-10T21:16:58.000Z"""
10.05,11.11,11.11,13.02,1018,68,10000,3.09,100,Clear,clear sky,0,0,"""2023-05-10T03:19:11.000Z""","""2023-05-10T18:15:17.000Z""","""2023-05-10T21:46:58.000Z"""
10.72,11.67,11.67,12.02,1018,70,10000,1.54,60,Clear,clear sky,0,0,"""2023-05-11T03:17:46.000Z""","""2023-05-11T18:16:39.000Z""","""2023-05-10T22:16:58.000Z"""
10.16,11.11,11.02,11.11,1018,72,10000,3.09,350,Clear,clear sky,0,0,"""2023-05-11T03:17:46.000Z""","""2023-05-11T18:16:39.000Z""","""2023-05-10T22:46:58.000Z"""
10.16,11.11,11.02,11.11,1018,72,10000,3.6,10,Clear,clear sky,0,0,"""2023-05-11T03:17:46.000Z""","""2023-05-11T18:16:39.000Z""","""2023-05-10T23:16:58.000Z"""
10.18,11.11,11.02,11.11,1018,73,10000,3.09,30,Clear,clear sky,0,0,"""2023-05-11T03:17:46.000Z""","""2023-05-11T18:16:39.000Z""","""2023-05-10T23:46:58.000Z"""
10.18,11.11,11.02,11.64,1018,73,10000,3.09,30,Clear,clear sky,0,0,"""2023-05-11T03:17:46.000Z""","""2023-05-11T18:16:39.000Z""","""2023-05-11T00:16:58.000Z"""
10.18,11.11,11.02,11.64,1018,73,10000,3.09,30,Clear,clear sky,0,0,"""2023-05-11T03:17:46.000Z""","""2023-05-11T18:16:39.000Z""","""2023-05-11T00:46:58.000Z"""
10.18,11.11,11.02,11.11,1018,73,10000,2.57,30,Clear,clear sky,0,0,"""2023-05-11T03:17:46.000Z""","""2023-05-11T18:16:39.000Z""","""2023-05-11T01:16:58.000Z"""
9.6,10.56,10.56,11.08,1017,74,10000,2.57,30,Clear,clear sky,0,0,"""2023-05-11T03:17:46.000Z""","""2023-05-11T18:16:39.000Z""","""2023-05-11T01:46:58.000Z"""
9.84,10.75,10.56,11.71,1017,75,10000,3.09,20,Clear,clear sky,0,0,"""2023-05-11T03:17:46.000Z""","""2023-05-11T18:16:39.000Z""","""2023-05-11T02:16:58.000Z"""
9.59,10.45,10.02,11.71,1017,78,10000,3.09,10,Clear,clear sky,0,0,"""2023-05-11T03:17:46.000Z""","""2023-05-11T18:16:39.000Z""","""2023-05-11T02:46:58.000Z"""
8.33,9.89,9.41,11.71,1017,78,10000,3.09,30,Clear,clear sky,0,0,"""2023-05-11T03:17:46.000Z""","""2023-05-11T18:16:39.000Z""","""2023-05-11T03:16:58.000Z"""
7.98,9.33,8.3,11.71,1017,79,10000,2.57,50,Clear,clear sky,0,0,"""2023-05-11T03:17:46.000Z""","""2023-05-11T18:16:39.000Z""","""2023-05-11T03:46:58.000Z"""
7.79,9.44,8.86,11.71,1017,79,10000,3.09,30,Clear,clear sky,0,0,"""2023-05-11T03:17:46.000Z""","""2023-05-11T18:16:39.000Z""","""2023-05-11T04:16:58.000Z"""
10.46,11.36,10,13.59,1017,73,10000,3.09,40,Clear,clear sky,0,0,"""2023-05-11T03:17:46.000Z""","""2023-05-11T18:16:39.000Z""","""2023-05-11T04:46:58.000Z"""
11.72,12.6,12.02,14.15,1017,69,10000,3.6,30,Clear,clear sky,0,0,"""2023-05-11T03:17:46.000Z""","""2023-05-11T18:16:39.000Z""","""2023-05-11T05:16:58.000Z"""
12.65,13.45,13.02,14.7,1017,69,10000,3.6,50,Clear,clear sky,0,0,"""2023-05-11T03:17:46.000Z""","""2023-05-11T18:16:39.000Z""","""2023-05-11T05:46:58.000Z"""
12.68,13.57,13.33,14.49,1018,65,10000,4.12,70,Clear,clear sky,0,0,"""2023-05-11T03:17:46.000Z""","""2023-05-11T18:16:39.000Z""","""2023-05-11T06:16:58.000Z"""
13.73,14.57,14.02,15.53,1018,63,10000,3.6,60,Clear,clear sky,0,0,"""2023-05-11T03:17:46.000Z""","""2023-05-11T18:16:39.000Z""","""2023-05-11T06:46:58.000Z"""
14.09,15.02,15.02,15.04,1017,58,10000,3.6,70,Clear,clear sky,0,0,"""2023-05-11T03:17:46.000Z""","""2023-05-11T18:16:39.000Z""","""2023-05-11T07:16:58.000Z"""
15.71,16.54,16.02,16.67,1018,56,10000,4.63,110,Clear,clear sky,0,0,"""2023-05-11T03:17:46.000Z""","""2023-05-11T18:16:39.000Z""","""2023-05-11T07:46:58.000Z"""
15.01,16.02,16.02,17.19,1016,51,10000,4.63,110,Clouds,few clouds,20,0,"""2023-05-11T03:17:46.000Z""","""2023-05-11T18:16:39.000Z""","""2023-05-11T08:16:58.000Z"""
16.57,17.37,17.02,17.84,1017,54,10000,5.14,100,Clouds,few clouds,20,0,"""2023-05-11T03:17:46.000Z""","""2023-05-11T18:16:39.000Z""","""2023-05-11T08:46:58.000Z"""
16.11,17.02,17.02,17.75,1016,51,10000,5.66,110,Clouds,few clouds,20,0,"""2023-05-11T03:17:46.000Z""","""2023-05-11T18:16:39.000Z""","""2023-05-11T09:16:58.000Z"""
17.7,18.44,18.02,18.86,1017,52,10000,6.69,100,Clouds,few clouds,20,0,"""2023-05-11T03:17:46.000Z""","""2023-05-11T18:16:39.000Z""","""2023-05-11T09:46:58.000Z"""
17.62,18.44,18.02,18.93,1017,49,10000,5.66,100,Clouds,few clouds,20,0,"""2023-05-11T03:17:46.000Z""","""2023-05-11T18:16:39.000Z""","""2023-05-11T10:16:58.000Z"""
17.95,18.81,18.02,19.7,1017,46,10000,7.2,90,Clear,clear sky,0,0,"""2023-05-11T03:17:46.000Z""","""2023-05-11T18:16:39.000Z""","""2023-05-11T10:46:58.000Z"""
18.74,19.55,19.02,20.26,1017,45,10000,6.69,120,Clear,clear sky,0,0,"""2023-05-11T03:17:46.000Z""","""2023-05-11T18:16:39.000Z""","""2023-05-11T11:16:58.000Z"""
18.9,19.75,19.02,20.26,1017,43,10000,6.69,100,Clear,clear sky,0,0,"""2023-05-11T03:17:46.000Z""","""2023-05-11T18:16:39.000Z""","""2023-05-11T11:46:58.000Z"""
19.02,19.86,19.41,20.26,1017,43,10000,7.2,100,Clear,clear sky,0,0,"""2023-05-11T03:17:46.000Z""","""2023-05-11T18:16:39.000Z""","""2023-05-11T12:16:58.000Z"""
19.12,19.97,19.02,20.56,1016,42,10000,6.69,110,Clear,clear sky,0,0,"""2023-05-11T03:17:46.000Z""","""2023-05-11T18:16:39.000Z""","""2023-05-11T12:46:58.000Z"""
19.01,19.89,19.02,20.53,1016,41,10000,7.2,120,Clear,clear sky,0,0,"""2023-05-11T03:17:46.000Z""","""2023-05-11T18:16:39.000Z""","""2023-05-11T13:16:58.000Z"""
19.09,19.97,19.02,20.56,1016,41,10000,5.66,100,Clear,clear sky,0,0,"""2023-05-11T03:17:46.000Z""","""2023-05-11T18:16:39.000Z""","""2023-05-11T13:46:58.000Z"""
18.85,19.75,19.02,20.26,1015,41,10000,6.69,100,Clear,clear sky,0,0,"""2023-05-11T03:17:46.000Z""","""2023-05-11T18:16:39.000Z""","""2023-05-11T14:16:58.000Z"""
18.15,19.16,19.02,20.26,1014,39,10000,6.69,90,Clear,clear sky,0,0,"""2023-05-11T03:17:46.000Z""","""2023-05-11T18:16:39.000Z""","""2023-05-11T14:46:58.000Z"""
18.98,20.03,20.02,20.82,1014,34,10000,6.17,100,Clear,clear sky,0,0,"""2023-05-11T03:17:46.000Z""","""2023-05-11T18:16:39.000Z""","""2023-05-11T15:16:58.000Z"""
18.91,20.02,20.02,20.02,1014,32,10000,6.69,110,Clear,clear sky,0,0,"""2023-05-11T03:17:46.000Z""","""2023-05-11T18:16:39.000Z""","""2023-05-11T15:46:58.000Z"""
17.87,19.02,19.02,19.02,1014,34,10000,6.69,100,Clear,clear sky,0,0,"""2023-05-11T03:17:46.000Z""","""2023-05-11T18:16:39.000Z""","""2023-05-11T16:16:58.000Z"""
17.87,19.02,19.02,19.02,1014,34,10000,5.66,110,Clear,clear sky,0,0,"""2023-05-11T03:17:46.000Z""","""2023-05-11T18:16:39.000Z""","""2023-05-11T16:46:58.000Z"""
17.87,19.02,19.02,19.02,1014,34,10000,6.17,110,Clear,clear sky,0,0,"""2023-05-11T03:17:46.000Z""","""2023-05-11T18:16:39.000Z""","""2023-05-11T17:16:58.000Z"""
16.9,18.02,18.02,18.02,1014,39,10000,3.6,110,Clear,clear sky,0,0,"""2023-05-11T03:17:46.000Z""","""2023-05-11T18:16:39.000Z""","""2023-05-11T17:46:58.000Z"""
16.9,18.02,18.02,18.02,1014,39,10000,3.6,90,Clear,clear sky,0,0,"""2023-05-11T03:17:46.000Z""","""2023-05-11T18:16:39.000Z""","""2023-05-11T18:16:58.000Z"""
16.9,18.02,18.02,18.02,1014,39,10000,3.09,90,Clear,clear sky,0,0,"""2023-05-11T03:17:46.000Z""","""2023-05-11T18:16:39.000Z""","""2023-05-11T18:46:58.000Z"""
15.11,16.02,14.49,16.02,1015,55,10000,6.17,210,Clear,clear sky,0,0,"""2023-05-11T03:17:46.000Z""","""2023-05-11T18:16:39.000Z""","""2023-05-11T19:16:58.000Z"""
14.09,15.02,13.93,15.02,1016,58,10000,4.63,210,Clear,clear sky,0,0,"""2023-05-11T03:17:46.000Z""","""2023-05-11T18:16:39.000Z""","""2023-05-11T19:46:58.000Z"""
12.61,13.46,13.3,14.02,1017,67,10000,2.57,190,Clear,clear sky,0,0,"""2023-05-11T03:17:46.000Z""","""2023-05-11T18:16:39.000Z""","""2023-05-11T20:42:53.000Z"""
12.29,13.05,12.19,13.38,1017,72,10000,3.09,160,Rain,light rain,20,0.12,"""2023-05-11T03:17:46.000Z""","""2023-05-11T18:16:39.000Z""","""2023-05-11T21:12:53.000Z"""
11.79,12.52,12.02,12.82,1017,75,10000,1.54,130,Clouds,few clouds,20,0,"""2023-05-11T03:17:46.000Z""","""2023-05-11T18:16:39.000Z""","""2023-05-11T21:42:53.000Z"""
11.37,12.07,11.64,12.27,1017,78,10000,3.6,120,Clouds,few clouds,20,0,"""2023-05-12T03:16:23.000Z""","""2023-05-12T18:18:01.000Z""","""2023-05-11T22:12:53.000Z"""
10.93,11.62,11.08,12.27,1017,80,10000,2.06,80,Rain,light rain,20,0.49,"""2023-05-12T03:16:23.000Z""","""2023-05-12T18:18:01.000Z""","""2023-05-11T22:42:53.000Z"""
10.98,11.62,11.08,12.02,1017,82,10000,3.09,90,Rain,light rain,20,0.11,"""2023-05-12T03:16:23.000Z""","""2023-05-12T18:18:01.000Z""","""2023-05-11T23:12:53.000Z"""
10.63,11.28,11.08,12.02,1017,83,10000,2.57,100,Rain,light rain,20,0.21,"""2023-05-12T03:16:23.000Z""","""2023-05-12T18:18:01.000Z""","""2023-05-11T23:42:53.000Z"""
10.68,11.3,11.02,12.84,1017,84,10000,3.09,100,Clouds,scattered clouds,40,0,"""2023-05-12T03:16:23.000Z""","""2023-05-12T18:18:01.000Z""","""2023-05-12T00:12:53.000Z"""
10.61,11.21,10.53,12.84,1017,85,10000,3.09,90,Clouds,broken clouds,75,0,"""2023-05-12T03:16:23.000Z""","""2023-05-12T18:18:01.000Z""","""2023-05-12T00:42:53.000Z"""
10.28,10.91,10.53,12.84,1017,85,10000,3.6,70,Rain,light rain,40,0.53,"""2023-05-12T03:16:23.000Z""","""2023-05-12T18:18:01.000Z""","""2023-05-12T01:12:53.000Z"""
10.43,11,10.56,12.84,1017,87,10000,3.09,60,Rain,light rain,75,0.45,"""2023-05-12T03:16:23.000Z""","""2023-05-12T18:18:01.000Z""","""2023-05-12T01:42:53.000Z"""
10.71,11.23,10.6,12.28,1017,88,10000,3.6,60,Rain,light rain,40,0.37,"""2023-05-12T03:16:23.000Z""","""2023-05-12T18:18:01.000Z""","""2023-05-12T02:12:53.000Z"""
10.28,10.84,10.53,12.28,1017,88,10000,3.6,70,Rain,light rain,75,0.69,"""2023-05-12T03:16:23.000Z""","""2023-05-12T18:18:01.000Z""","""2023-05-12T02:42:53.000Z"""
10.28,10.84,10.53,12.28,1017,88,10000,3.6,80,Rain,light rain,75,0.6,"""2023-05-12T03:16:23.000Z""","""2023-05-12T18:18:01.000Z""","""2023-05-12T03:12:53.000Z"""
10.24,10.78,10.53,11.73,1017,89,10000,3.6,60,Rain,light rain,75,0.37,"""2023-05-12T03:16:23.000Z""","""2023-05-12T18:18:01.000Z""","""2023-05-12T03:42:53.000Z"""
10.3,10.84,10.04,12.28,1017,89,10000,3.6,60,Rain,light rain,75,0.49,"""2023-05-12T03:16:23.000Z""","""2023-05-12T18:18:01.000Z""","""2023-05-12T04:12:53.000Z"""
10.3,10.84,10.04,12.28,1017,89,10000,3.6,50,Rain,moderate rain,75,1.15,"""2023-05-12T03:16:23.000Z""","""2023-05-12T18:18:01.000Z""","""2023-05-12T04:42:53.000Z"""
10.17,10.67,10.02,12.28,1018,91,10000,4.12,50,Rain,moderate rain,75,0.8,"""2023-05-12T03:16:23.000Z""","""2023-05-12T18:18:01.000Z""","""2023-05-12T05:12:53.000Z"""
10.44,10.94,10.56,12.28,1018,90,10000,4.63,50,Rain,moderate rain,75,1.54,"""2023-05-12T03:16:23.000Z""","""2023-05-12T18:18:01.000Z""","""2023-05-12T05:42:53.000Z"""
10.76,11.23,10.6,12.28,1018,90,10000,5.14,60,Rain,moderate rain,40,1,"""2023-05-12T03:16:23.000Z""","""2023-05-12T18:18:01.000Z""","""2023-05-12T06:12:53.000Z"""
10.84,11.3,10.6,12.84,1018,90,10000,5.66,60,Rain,light rain,75,0.65,"""2023-05-12T03:16:23.000Z""","""2023-05-12T18:18:01.000Z""","""2023-05-12T06:42:53.000Z"""
10.84,11.3,10.6,12.84,1018,90,10000,5.14,60,Rain,light rain,75,0.65,"""2023-05-12T03:16:23.000Z""","""2023-05-12T18:18:01.000Z""","""2023-05-12T07:12:53.000Z"""
11.41,11.87,11.16,12.84,1018,88,10000,5.66,70,Rain,light rain,75,0.32,"""2023-05-12T03:16:23.000Z""","""2023-05-12T18:18:01.000Z""","""2023-05-12T07:42:53.000Z"""
11.33,11.73,11.16,12.02,1018,91,10000,5.66,70,Rain,light rain,75,0.37,"""2023-05-12T03:16:23.000Z""","""2023-05-12T18:18:01.000Z""","""2023-05-12T08:12:53.000Z"""
11.28,11.73,11.16,12.02,1018,89,10000,5.66,70,Rain,light rain,75,0.49,"""2023-05-12T03:16:23.000Z""","""2023-05-12T18:18:01.000Z""","""2023-05-12T08:42:53.000Z"""
11.71,12.07,11.16,12.22,1019,91,10000,5.66,80,Rain,light rain,75,0.56,"""2023-05-12T03:16:23.000Z""","""2023-05-12T18:18:01.000Z""","""2023-05-12T09:12:53.000Z"""
11.26,11.73,11.16,12.02,1019,88,10000,5.14,90,Rain,moderate rain,75,1.54,"""2023-05-12T03:16:23.000Z""","""2023-05-12T18:18:01.000Z""","""2023-05-12T09:42:53.000Z"""
11.26,11.73,11.16,12.02,1019,88,10000,5.66,90,Rain,light rain,99.99,0.87,"""2023-05-12T03:16:23.000Z""","""2023-05-12T18:18:01.000Z""","""2023-05-12T10:12:53.000Z"""
11.23,11.73,11.16,12.02,1019,87,10000,5.66,90,Rain,light rain,75,1,"""2023-05-12T03:16:23.000Z""","""2023-05-12T18:18:01.000Z""","""2023-05-12T10:42:53.000Z"""
11.08,11.62,11.08,12.02,1019,86,10000,6.69,80,Rain,moderate rain,75,1.78,"""2023-05-12T03:16:23.000Z""","""2023-05-12T18:18:01.000Z""","""2023-05-12T11:12:53.000Z"""
10.89,11.47,11.08,12.84,1019,85,10000,6.69,90,Rain,heavy intensity rain,75,4.21,"""2023-05-12T03:16:23.000Z""","""2023-05-12T18:18:01.000Z""","""2023-05-12T11:42:53.000Z"""
10.73,11.3,11.02,12.84,1019,86,10000,6.69,100,Rain,moderate rain,40,1.15,"""2023-05-12T03:16:23.000Z""","""2023-05-12T18:18:01.000Z""","""2023-05-12T12:12:53.000Z"""
10.65,11.23,10.6,12.28,1019,86,10000,6.69,90,Rain,light rain,99.99,0.27,"""2023-05-12T03:16:23.000Z""","""2023-05-12T18:18:01.000Z""","""2023-05-12T12:42:53.000Z"""
10.76,11.33,11.02,12.28,1019,86,10000,5.14,80,Rain,light rain,75,0.13,"""2023-05-12T03:16:23.000Z""","""2023-05-12T18:18:01.000Z""","""2023-05-12T13:12:53.000Z"""
11.23,11.8,11.16,12.28,1019,84,10000,5.14,80,Clouds,broken clouds,75,0,"""2023-05-12T03:16:23.000Z""","""2023-05-12T18:18:01.000Z""","""2023-05-12T13:42:53.000Z"""
11.28,11.87,11.16,12.84,1019,83,10000,5.14,90,Rain,light rain,40,0.12,"""2023-05-12T03:16:23.000Z""","""2023-05-12T18:18:01.000Z""","""2023-05-12T14:12:53.000Z"""
11.2,11.77,11.08,12.84,1019,84,10000,5.14,80,Rain,light rain,20,0.17,"""2023-05-12T03:16:23.000Z""","""2023-05-12T18:18:01.000Z""","""2023-05-12T14:42:53.000Z"""
10.77,11.38,10.53,12.84,1020,84,10000,4.63,90,Rain,light rain,75,0.27,"""2023-05-12T03:16:23.000Z""","""2023-05-12T18:18:01.000Z""","""2023-05-12T15:12:53.000Z"""
10.3,10.91,10.53,12.84,1020,86,10000,5.66,100,Rain,moderate rain,75,1.15,"""2023-05-12T03:16:23.000Z""","""2023-05-12T18:18:01.000Z""","""2023-05-12T15:42:53.000Z"""
10.25,10.84,10.53,12.28,1020,87,10000,4.63,90,Rain,light rain,75,0.4,"""2023-05-12T03:16:23.000Z""","""2023-05-12T18:18:01.000Z""","""2023-05-12T16:12:54.000Z"""
10.28,10.84,10.53,12.28,1020,88,10000,5.66,90,Rain,light rain,40,0.18,"""2023-05-12T03:16:23.000Z""","""2023-05-12T18:18:01.000Z""","""2023-05-12T16:42:53.000Z"""
10.21,10.78,10.53,11.73,1020,88,10000,5.66,90,Rain,light rain,75,0.26,"""2023-05-12T03:16:23.000Z""","""2023-05-12T18:18:01.000Z""","""2023-05-12T17:12:53.000Z"""
10.24,10.78,10.53,11.73,1020,89,10000,6.17,90,Rain,light rain,75,0.75,"""2023-05-12T03:16:23.000Z""","""2023-05-12T18:18:01.000Z""","""2023-05-12T17:42:53.000Z"""
9.91,10.48,10,11.73,1020,89,10000,5.14,90,Rain,moderate rain,75,2.24,"""2023-05-12T03:16:23.000Z""","""2023-05-12T18:18:01.000Z""","""2023-05-12T18:12:53.000Z"""
9.74,10.3,10,11.73,1020,90,10000,5.14,90,Rain,moderate rain,40,2.73,"""2023-05-12T03:16:23.000Z""","""2023-05-12T18:18:01.000Z""","""2023-05-12T18:42:53.000Z"""
9.9,10.43,10,13.04,1020,91,10000,4.12,90,Rain,light rain,75,0.49,"""2023-05-12T03:16:23.000Z""","""2023-05-12T18:18:01.000Z""","""2023-05-12T19:12:53.000Z"""
9.76,10.3,10,11.73,1020,91,10000,4.12,80,Rain,light rain,75,0.13,"""2023-05-12T03:16:23.000Z""","""2023-05-12T18:18:01.000Z""","""2023-05-12T19:42:54.000Z"""
9.7,10.24,10,11.17,1021,91,10000,5.14,80,Rain,light rain,75,0.27,"""2023-05-12T03:16:23.000Z""","""2023-05-12T18:18:01.000Z""","""2023-05-12T20:12:54.000Z"""
9.72,10.24,10,11.17,1021,92,7000,4.63,90,Rain,moderate rain,75,0.15,"""2023-05-12T03:16:23.000Z""","""2023-05-12T18:18:01.000Z""","""2023-05-12T20:42:54.000Z"""
9.72,10.24,10,11.17,1021,92,10000,4.12,90,Rain,light rain,75,0.35,"""2023-05-12T03:16:23.000Z""","""2023-05-12T18:18:01.000Z""","""2023-05-12T21:12:53.000Z"""
9.87,10.33,10,12.48,1021,94,10000,3.6,90,Rain,light rain,75,0.49,"""2023-05-12T03:16:23.000Z""","""2023-05-12T18:18:01.000Z""","""2023-05-12T21:42:54.000Z"""
9.75,10.22,9.97,12.48,1021,94,7000,4.12,90,Rain,light rain,75,0.49,"""2023-05-13T03:15:01.000Z""","""2023-05-13T18:19:22.000Z""","""2023-05-12T22:12:54.000Z"""
9.73,10.22,9.97,12.48,1021,93,6000,4.63,90,Rain,moderate rain,75,1.54,"""2023-05-13T03:15:01.000Z""","""2023-05-13T18:19:22.000Z""","""2023-05-12T22:42:54.000Z"""
9.64,10.17,9.49,12.48,1021,92,9000,4.12,80,Rain,light rain,75,0.29,"""2023-05-13T03:15:01.000Z""","""2023-05-13T18:19:22.000Z""","""2023-05-12T23:12:53.000Z"""
9.64,10.17,9.49,12.48,1021,92,9000,3.09,70,Rain,light rain,75,0.15,"""2023-05-13T03:15:01.000Z""","""2023-05-13T18:19:22.000Z""","""2023-05-12T23:42:54.000Z"""
9.69,10.21,9.49,11.73,1021,92,10000,3.09,70,Rain,light rain,75,0.12,"""2023-05-13T03:15:01.000Z""","""2023-05-13T18:19:22.000Z""","""2023-05-13T00:12:54.000Z"""
9.61,10.14,9.49,11.17,1021,92,10000,3.09,60,Clouds,broken clouds,75,0,"""2023-05-13T03:15:01.000Z""","""2023-05-13T18:19:22.000Z""","""2023-05-13T00:42:54.000Z"""
9.69,10.21,9.49,11.73,1021,92,10000,3.09,60,Clouds,broken clouds,75,0,"""2023-05-13T03:15:01.000Z""","""2023-05-13T18:19:22.000Z""","""2023-05-13T01:12:54.000Z"""
9.69,10.21,9.49,11.73,1021,92,10000,2.57,50,Clouds,broken clouds,75,0,"""2023-05-13T03:15:01.000Z""","""2023-05-13T18:19:22.000Z""","""2023-05-13T01:42:54.000Z"""
9.69,10.21,9.97,11.73,1021,92,10000,3.6,60,Clouds,overcast clouds,99.99,0,"""2023-05-13T03:15:01.000Z""","""2023-05-13T18:19:22.000Z""","""2023-05-13T02:12:54.000Z"""
9.69,10.21,9.97,11.73,1021,92,10000,3.6,70,Clouds,broken clouds,75,0,"""2023-05-13T03:15:01.000Z""","""2023-05-13T18:19:22.000Z""","""2023-05-13T02:42:54.000Z"""
9.69,10.21,9.97,11.73,1021,92,10000,3.6,60,Clouds,broken clouds,75,0,"""2023-05-13T03:15:01.000Z""","""2023-05-13T18:19:22.000Z""","""2023-05-13T03:12:54.000Z"""
9.69,10.21,9.97,11.73,1021,92,10000,3.6,60,Clouds,broken clouds,75,0,"""2023-05-13T03:15:01.000Z""","""2023-05-13T18:19:22.000Z""","""2023-05-13T03:42:54.000Z"""
9.66,10.11,10,10.53,1021,95,10000,3.6,70,Clouds,overcast clouds,99.99,0,"""2023-05-13T03:15:01.000Z""","""2023-05-13T18:19:22.000Z""","""2023-05-13T04:12:54.000Z"""
9.84,10.3,10,11.02,1021,94,10000,4.12,70,Clouds,broken clouds,75,0,"""2023-05-13T03:15:01.000Z""","""2023-05-13T18:19:22.000Z""","""2023-05-13T04:42:54.000Z"""
10.21,10.64,10.04,11.02,1021,94,10000,4.63,70,Clouds,overcast clouds,99.99,0,"""2023-05-13T03:15:01.000Z""","""2023-05-13T18:19:22.000Z""","""2023-05-13T05:12:54.000Z"""
10.31,10.75,10.04,11.08,1021,93,10000,4.12,80,Clouds,overcast clouds,99.99,0,"""2023-05-13T03:15:01.000Z""","""2023-05-13T18:19:22.000Z""","""2023-05-13T05:42:54.000Z"""
10.66,11.09,10.6,11.11,1022,92,10000,4.63,80,Clouds,overcast clouds,99.99,0,"""2023-05-13T03:15:01.000Z""","""2023-05-13T18:19:22.000Z""","""2023-05-13T06:12:54.000Z"""
10.81,11.25,10.6,13.04,1022,91,10000,4.63,80,Clouds,overcast clouds,99.99,0,"""2023-05-13T03:15:01.000Z""","""2023-05-13T18:19:22.000Z""","""2023-05-13T06:42:54.000Z"""
10.89,11.37,10.6,13.04,1022,89,10000,4.12,70,Clouds,overcast clouds,99.99,0,"""2023-05-13T03:15:01.000Z""","""2023-05-13T18:19:22.000Z""","""2023-05-13T07:12:54.000Z"""
10.86,11.37,10.6,13.04,1022,88,10000,4.63,70,Drizzle,light intensity drizzle,99.99,0,"""2023-05-13T03:15:01.000Z""","""2023-05-13T18:19:22.000Z""","""2023-05-13T07:42:54.000Z"""
10.85,11.34,10.02,13.04,1022,89,10000,5.14,70,Clouds,broken clouds,75,0,"""2023-05-13T03:15:01.000Z""","""2023-05-13T18:19:22.000Z""","""2023-05-13T08:12:54.000Z"""
11.61,12.1,11.02,13.04,1022,86,10000,5.14,80,Clouds,overcast clouds,99.99,0,"""2023-05-13T03:15:01.000Z""","""2023-05-13T18:19:22.000Z""","""2023-05-13T08:42:54.000Z"""
11.92,12.43,11.02,13.39,1022,84,10000,5.66,80,Clouds,broken clouds,75,0,"""2023-05-13T03:15:01.000Z""","""2023-05-13T18:19:22.000Z""","""2023-05-13T09:12:55.000Z"""
12.21,12.76,11.71,13.95,1022,81,10000,5.14,80,Clouds,broken clouds,75,0,"""2023-05-13T03:15:01.000Z""","""2023-05-13T18:19:22.000Z""","""2023-05-13T09:42:54.000Z"""
12.44,12.95,12.19,15.06,1022,82,10000,5.14,80,Clouds,broken clouds,75,0,"""2023-05-13T03:15:01.000Z""","""2023-05-13T18:19:22.000Z""","""2023-05-13T10:12:54.000Z"""
12.35,12.91,12.22,15.82,1022,80,10000,4.12,90,Clouds,broken clouds,75,0,"""2023-05-13T03:15:01.000Z""","""2023-05-13T18:19:22.000Z""","""2023-05-13T10:42:54.000Z"""
12.57,13.09,12.27,16.37,1022,81,10000,4.12,90,Clouds,broken clouds,75,0,"""2023-05-13T03:15:01.000Z""","""2023-05-13T18:19:22.000Z""","""2023-05-13T11:12:54.000Z"""
12.55,13.05,12.27,13.95,1022,82,10000,4.63,110,Clouds,broken clouds,75,0,"""2023-05-13T03:15:01.000Z""","""2023-05-13T18:19:22.000Z""","""2023-05-13T11:42:55.000Z"""
12.72,13.25,12.27,13.95,1023,80,10000,4.12,110,Clouds,broken clouds,75,0,"""2023-05-13T03:15:01.000Z""","""2023-05-13T18:19:22.000Z""","""2023-05-13T12:12:54.000Z"""
12.92,13.48,12.27,16.37,1023,78,10000,3.6,110,Clouds,broken clouds,75,0,"""2023-05-13T03:15:01.000Z""","""2023-05-13T18:19:22.000Z""","""2023-05-13T12:42:54.000Z"""
12.78,13.35,13.02,13.95,1023,78,10000,4.12,120,Clouds,broken clouds,75,0,"""2023-05-13T03:15:01.000Z""","""2023-05-13T18:19:22.000Z""","""2023-05-13T13:12:54.000Z"""
12.94,13.52,12.82,14.02,1023,77,10000,5.14,120,Clouds,broken clouds,75,0,"""2023-05-13T03:15:01.000Z""","""2023-05-13T18:19:22.000Z""","""2023-05-13T13:42:54.000Z"""
13.09,13.68,13.3,15.82,1023,76,10000,5.14,120,Clouds,broken clouds,75,0,"""2023-05-13T03:15:01.000Z""","""2023-05-13T18:19:22.000Z""","""2023-05-13T14:12:54.000Z"""
13.2,13.78,13.3,15.82,1023,76,10000,4.63,110,Clouds,broken clouds,75,0,"""2023-05-13T03:15:01.000Z""","""2023-05-13T18:19:22.000Z""","""2023-05-13T14:42:54.000Z"""
13.22,13.78,13.3,16.37,1022,77,10000,4.12,120,Clouds,broken clouds,75,0,"""2023-05-13T03:15:01.000Z""","""2023-05-13T18:19:22.000Z""","""2023-05-13T15:12:54.000Z"""
13,13.58,13.02,15.82,1022,77,10000,4.12,110,Clouds,broken clouds,75,0,"""2023-05-13T03:15:01.000Z""","""2023-05-13T18:19:22.000Z""","""2023-05-13T15:42:54.000Z"""
12.67,13.25,12.78,15.82,1022,78,10000,3.6,120,Clouds,broken clouds,75,0,"""2023-05-13T03:15:01.000Z""","""2023-05-13T18:19:22.000Z""","""2023-05-13T16:12:54.000Z"""
12.51,13.04,12.75,15.26,1022,81,10000,3.09,110,Rain,light rain,75,0.11,"""2023-05-13T03:15:01.000Z""","""2023-05-13T18:19:22.000Z""","""2023-05-13T16:42:54.000Z"""
12.46,12.99,12.27,14.7,1022,81,10000,4.63,120,Rain,light rain,75,0.11,"""2023-05-13T03:15:01.000Z""","""2023-05-13T18:19:22.000Z""","""2023-05-13T17:12:54.000Z"""
12.01,12.49,12.02,13.95,1022,85,10000,2.57,110,Clouds,overcast clouds,99.99,0,"""2023-05-13T03:15:01.000Z""","""2023-05-13T18:19:22.000Z""","""2023-05-13T17:42:54.000Z"""
11.94,12.42,11.71,13.39,1022,85,10000,1.54,120,Clouds,broken clouds,75,0,"""2023-05-13T03:15:01.000Z""","""2023-05-13T18:19:22.000Z""","""2023-05-13T18:12:54.000Z"""
11.51,12.03,11.16,13.39,1022,85,10000,1.54,80,Clouds,broken clouds,75,0,"""2023-05-13T03:15:01.000Z""","""2023-05-13T18:19:22.000Z""","""2023-05-13T18:42:54.000Z"""
11.42,11.93,11.16,13.39,1022,86,10000,3.09,60,Clouds,broken clouds,75,0,"""2023-05-13T03:15:01.000Z""","""2023-05-13T18:19:22.000Z""","""2023-05-13T19:12:54.000Z"""
11.33,11.84,11.08,13.39,1022,86,10000,1.54,70,Clouds,broken clouds,75,0,"""2023-05-13T03:15:01.000Z""","""2023-05-13T18:19:22.000Z""","""2023-05-13T19:42:54.000Z"""
11.33,11.84,11.08,13.39,1022,86,10000,2.06,40,Clouds,broken clouds,75,0,"""2023-05-13T03:15:01.000Z""","""2023-05-13T18:19:22.000Z""","""2023-05-13T20:12:54.000Z"""
10.91,11.44,10.53,13.39,1022,87,10000,2.06,30,Clouds,broken clouds,75,0,"""2023-05-13T03:15:01.000Z""","""2023-05-13T18:19:22.000Z""","""2023-05-13T20:42:54.000Z"""
10.91,11.44,10.53,13.39,1022,87,10000,2.57,20,Clouds,scattered clouds,40,0,"""2023-05-13T03:15:01.000Z""","""2023-05-13T18:19:22.000Z""","""2023-05-13T21:12:54.000Z"""
10.43,10.98,10.53,13.39,1022,88,10000,2.57,30,Clouds,few clouds,20,0,"""2023-05-13T03:15:01.000Z""","""2023-05-13T18:19:22.000Z""","""2023-05-13T21:42:54.000Z"""
10.23,10.82,9.97,13.59,1022,87,10000,1.54,10,Clear,clear sky,0,0,"""2023-05-14T03:13:42.000Z""","""2023-05-14T18:20:43.000Z""","""2023-05-13T22:12:54.000Z"""
9.94,10.51,9.41,13.59,1022,89,10000,2.06,20,Clouds,broken clouds,75,0,"""2023-05-14T03:13:42.000Z""","""2023-05-14T18:20:43.000Z""","""2023-05-13T22:42:54.000Z"""
8.74,9.97,9.02,13.59,1022,89,10000,2.57,30,Clouds,few clouds,20,0,"""2023-05-14T03:13:42.000Z""","""2023-05-14T18:20:43.000Z""","""2023-05-13T23:12:54.000Z"""
9.46,10.07,9.41,13.04,1022,89,10000,1.54,10,Clouds,broken clouds,75,0,"""2023-05-14T03:13:42.000Z""","""2023-05-14T18:20:43.000Z""","""2023-05-13T23:42:54.000Z"""
9.14,10,8.3,13.04,1021,89,10000,2.06,30,Clouds,scattered clouds,40,0,"""2023-05-14T03:13:42.000Z""","""2023-05-14T18:20:43.000Z""","""2023-05-14T00:12:54.000Z"""
8.78,10,8.3,13.04,1021,88,10000,2.57,40,Clouds,scattered clouds,40,0,"""2023-05-14T03:13:42.000Z""","""2023-05-14T18:20:43.000Z""","""2023-05-14T00:42:54.000Z"""
8.49,9.76,8.86,13.04,1021,89,10000,2.57,30,Clouds,broken clouds,75,0,"""2023-05-14T03:13:42.000Z""","""2023-05-14T18:20:43.000Z""","""2023-05-14T01:12:54.000Z"""
9.43,10.07,9.41,12.48,1020,88,10000,3.09,40,Clouds,broken clouds,75,0,"""2023-05-14T03:13:42.000Z""","""2023-05-14T18:20:43.000Z""","""2023-05-14T01:42:54.000Z"""
9.6,10.25,9.41,11.93,1020,87,10000,3.09,40,Clouds,broken clouds,75,0,"""2023-05-14T03:13:42.000Z""","""2023-05-14T18:20:43.000Z""","""2023-05-14T02:12:54.000Z"""
9.65,10.32,9.97,11.73,1020,86,10000,3.6,60,Clouds,broken clouds,75,0,"""2023-05-14T03:13:42.000Z""","""2023-05-14T18:20:43.000Z""","""2023-05-14T02:42:54.000Z"""
9.65,10.32,9.97,11.73,1020,86,10000,2.57,60,Clouds,broken clouds,75,0,"""2023-05-14T03:13:42.000Z""","""2023-05-14T18:20:43.000Z""","""2023-05-14T03:12:55.000Z"""
9.65,10.32,9.97,11.73,1020,86,10000,2.57,50,Clouds,broken clouds,75,0,"""2023-05-14T03:13:42.000Z""","""2023-05-14T18:20:43.000Z""","""2023-05-14T03:42:54.000Z"""
9.48,10.19,9.44,11.93,1020,85,10000,2.57,30,Rain,light rain,40,0.18,"""2023-05-14T03:13:42.000Z""","""2023-05-14T18:20:43.000Z""","""2023-05-14T04:12:54.000Z"""
8.15,9.97,9.41,11.93,1020,87,10000,3.6,40,Rain,light rain,40,0.27,"""2023-05-14T03:13:42.000Z""","""2023-05-14T18:20:43.000Z""","""2023-05-14T04:42:55.000Z"""
8.15,9.97,9.41,12.48,1020,87,10000,3.6,40,Rain,light rain,75,0.14,"""2023-05-14T03:13:42.000Z""","""2023-05-14T18:20:43.000Z""","""2023-05-14T05:12:54.000Z"""
9.38,10.05,9.44,12.48,1020,87,10000,3.09,40,Rain,light rain,75,0.22,"""2023-05-14T03:13:42.000Z""","""2023-05-14T18:20:43.000Z""","""2023-05-14T05:42:54.000Z"""
7.95,9.8,9.02,12.48,1020,89,10000,3.6,30,Clouds,broken clouds,75,0,"""2023-05-14T03:13:42.000Z""","""2023-05-14T18:20:43.000Z""","""2023-05-14T06:12:54.000Z"""
7.94,9.99,9.44,12.48,1019,91,10000,4.12,20,Rain,light rain,75,0.18,"""2023-05-14T03:13:42.000Z""","""2023-05-14T18:20:43.000Z""","""2023-05-14T06:42:54.000Z"""
9.67,10.22,9.97,12.48,1019,91,10000,4.12,40,Rain,light rain,75,0.71,"""2023-05-14T03:13:42.000Z""","""2023-05-14T18:20:43.000Z""","""2023-05-14T07:12:54.000Z"""
9.67,10.22,9.97,12.48,1019,91,10000,4.12,40,Rain,moderate rain,75,1,"""2023-05-14T03:13:42.000Z""","""2023-05-14T18:20:43.000Z""","""2023-05-14T07:42:54.000Z"""
9.79,10.33,10,12.48,1019,91,10000,4.63,40,Rain,moderate rain,75,3.16,"""2023-05-14T03:13:42.000Z""","""2023-05-14T18:20:43.000Z""","""2023-05-14T08:12:54.000Z"""
